Chromosome,Start,End,ID,Functional,chrm_acc_SumSignal,chrm_acc_MaxSignal,chrm_acc_MaxScaledSignal
chr1,829002,829104,RNA1,Yes,0.0523011,0.296373,0.0523011
chr1,1140825,1141032,RNA2,Yes,7.22591,2.21125,2.21125
chr1,1400158,1400303,RNA3,Yes,2066.8,25.04797,22.0945
chr1,3060230,3060320,RNA4,Yes,34.6415,3.04143,3.04143
chr1,4572470,4572592,RNA5,Yes,1.64727,2.89176,1.36527
chr1,6729720,6730012,RNA6,Yes,19.8007,4.59258,4.59258
chr1,6784149,6784223,RNA7,Yes,130.057,14.18759,7.76968
chr1,9183633,9183807,RNA8,Yes,40.5129,5.46653,5.46653
chr1,11101801,11102105,RNA9,Yes,0.875825,0.31771,0.145269
chr1,11611843,11611978,RNA10,Yes,73.2423,11.80023,11.8002
chr1,11843704,11844073,RNA11,Yes,33.9247,4.22311,2.74255
chr1,12527445,12527792,RNA12,Yes,405.686,12.97884,9.77764
chr1,12823036,12823289,RNA13,Yes,2.06439,0.590924,0.348015
chr1,14350869,14350988,RNA14,Yes,10.2646,4.70610,4.7061
chr1,15749430,15749601,RNA15,Yes,578.707,11.71126,11.7113
chr1,16156971,16158148,RNA16,Yes,117.379,15.60641,3.30877
chr1,18068192,18068278,RNA17,Yes,0,0,0
chr1,19240257,19240704,RNA18,Yes,59.2969,19.18365,6.00964
chr1,20244296,20244654,RNA19,Yes,0,0,0
chr1,20362144,20362226,RNA20,Yes,171.125,12.04211,12.0421
chr1,22024806,22024966,RNA21,Yes,4772.28,17.85145,17.6798
chr1,23627780,23627998,RNA22,Yes,613.692,21.52717,21.5272
chr1,24202464,24202599,RNA23,Yes,543.808,20.14706,17.8516
chr1,28648193,28648799,RNA24,Yes,15136.7,36.9017,18.5052
chr1,30721288,30721722,RNA25,Yes,5.53379,1.35247,0.94112
chr1,33869203,33869337,RNA26,Yes,0.026862,0.097284,0.026862
chr1,35365966,35366310,RNA27,Yes,0,0,0
chr1,35574360,35574698,RNA28,Yes,65.2575,9.12933,8.53511
chr1,37456367,37456459,RNA29,Yes,1.37,0.648544,0.648544
chr1,38102417,38102496,RNA30,Yes,2.77665,2.67352,2.67352
chr1,38875941,38876226,RNA31,Yes,7.28425,2.53931,1.77306
chr1,43357803,43357900,RNA32,Yes,2.40514,14.28225,0.736198
chr1,43456578,43456999,RNA33,Yes,0,0,0
chr1,46682181,46682264,RNA34,Yes,218.253,17.20559,17.2056
chr1,51560882,51561023,RNA35,Yes,237.283,9.68608,9.68608
chr1,60941180,60941418,RNA36,Yes,3.35438,1.6143,1.6143
chr1,69085180,69085298,RNA37,Yes,20.4778,6.92595,6.92595
chr1,73699751,73699843,RNA38,Yes,12.2868,2.73671,2.73671
chr1,83454658,83454771,RNA39,Yes,0,0,0
chr1,87354844,87354946,RNA40,Yes,0,0,0
chr1,90854228,90854899,RNA41,Yes,7.37558,4.65347,1.80313
chr1,94679424,94679604,RNA42,Yes,190.115,11.57235,11.058
chr1,95352032,95352410,RNA43,Yes,0.0374932,0.106181,0.0325846
chr1,95512520,95512622,RNA44,Yes,0.957682,0.545693,0.384978
chr1,97941573,97942268,RNA45,Yes,89.05,13.50963,3.73519
chr1,101075395,101075716,RNA46,Yes,0.0964007,0.271444,0.0964007
chr1,101236325,101237333,RNA47,Yes,5684.83,15.4817,10.2086
chr1,105604163,105604317,RNA48,Yes,0,0,0
chr1,105988450,105988529,RNA49,Yes,0.295472,0.295472,0.295472
chr1,108052311,108052461,RNA50,Yes,142.953,18.89175,18.8917
chr1,112960477,112960575,RNA51,Yes,20.7108,3.23096,3.13205
chr1,115102248,115102686,RNA52,Yes,0,0,0
chr1,115922367,115922445,RNA53,Yes,0,0,0
chr1,117296520,117296633,RNA54,Yes,0.44553,0.286174,0.286174
chr1,117604789,117604936,RNA55,Yes,1.02322,0.346325,0.222069
chr1,119150565,119150746,RNA56,Yes,51.8092,14.29299,12.808
chr1,145927064,145927469,RNA57,Yes,11105,48.6366,30.0077
chr1,146057693,146057988,RNA58,Yes,0,0,0
chr1,147514338,147514493,RNA59,Yes,11.0409,3.47782,3.47782
chr1,148163142,148163412,RNA60,Yes,2.71009,3.99002,1.15267
chr1,151281543,151281776,RNA61,Yes,9500.64,35.4822,22.3998
chr1,151347632,151347891,RNA62,Yes,3792.99,26.22155,18.5964
chr1,151793815,151794402,RNA63,Yes,0.109633,0.157151,0.042835
chr1,151841741,151842031,RNA64,Yes,0,0,0
chr1,155045960,155046052,RNA65,Yes,0.713448,0.378679,0.378679
chr1,155318265,155318459,RNA66,Yes,2.67526,0.432099,0.38978
chr1,155562981,155563944,RNA67,Yes,9095.25,37.5868,12.59
chr1,156661315,156662733,RNA68,Yes,689.661,21.3744,4.51237
chr1,158030717,158032098,RNA69,Yes,3.88228,3.48946,0.993018
chr1,158133115,158133193,RNA70,Yes,0.133998,0.0922951,0.0922951
chr1,159976644,159977112,RNA71,Yes,0,0,0
chr1,160262401,160262778,RNA72,Yes,19898.9,62.1988,33.0779
chr1,161765428,161765501,RNA73,Yes,3680,18.7273,18.4708
chr1,168788781,168788889,RNA74,Yes,0,0,0
chr1,170226919,170227058,RNA75,Yes,28.2224,6.42382,6.42382
chr1,170462209,170462419,RNA76,Yes,786.034,25.44098,25.441
chr1,173460378,173461211,RNA77,Yes,13.2008,4.22460,2.40391
chr1,174155627,174155730,RNA78,Yes,0.0587427,0.0587427,0.0587427
chr1,180562204,180562344,RNA79,Yes,32.0148,10.36567,10.3657
chr1,180954668,180955895,RNA80,Yes,358.53,23.65673,4.93507
chr1,181175337,181175466,RNA81,Yes,20.0558,4.41014,3.72755
chr1,183140811,183140969,RNA82,Yes,58.48,6.38072,6.38072
chr1,183461766,183461841,RNA83,Yes,256.319,13.99897,13.999
chr1,185007694,185008678,RNA84,Yes,0.0940845,0.288447,0.046902
chr1,189036718,189037814,RNA85,Yes,5.3435,8.11568,2.04373
chr1,191228323,191228476,RNA86,Yes,9.2591,3.13808,3.13808
chr1,196060997,196061116,RNA87,Yes,0,0,0
chr1,202009800,202010076,RNA88,Yes,3430.41,23.74886,18.9949
chr1,203084372,203084573,RNA89,Yes,394.38,14.55497,14.555
chr1,203287989,203288306,RNA90,Yes,10.8654,2.08942,1.31825
chr1,205456891,205457077,RNA91,Yes,941.471,16.41422,16.4142
chr1,205558167,205558266,RNA92,Yes,4.26454,0.254938,0.202747
chr1,206635096,206635894,RNA93,Yes,9184.94,31.3198,26.8278
chr1,207806005,207806180,RNA94,Yes,1898.43,21.95692,21.9569
chr1,209373394,209373554,RNA95,Yes,2.77565,3.86029,1.32043
chr1,209429181,209429408,RNA96,Yes,3.76874,6.92953,1.09896
chr1,210233635,210233950,RNA97,Yes,4304.3,13.95756,13.9576
chr1,211133188,211133935,RNA98,Yes,2132.74,26.15852,16.1392
chr1,211391616,211391697,RNA99,Yes,9.86282,6.69927,6.69927
chr1,211640219,211640360,RNA100,Yes,76.7032,7.00496,7.00496
chr1,211677067,211677154,RNA101,Yes,0,0,0
chr1,219086495,219086574,RNA102,Yes,0,0,0
chr1,219437056,219437234,RNA103,Yes,2.09679,2.09679,2.09679
chr1,221914423,221914543,RNA104,Yes,3.99662,3.40285,2.41035
chr1,230006773,230007162,RNA105,Yes,0,0,0
chr1,231186075,231186173,RNA106,Yes,5.65589,2.43572,2.43572
chr1,234957679,234957754,RNA107,Yes,505.938,15.7141,15.2527
chr1,234959697,234960022,RNA108,Yes,150.539,6.5075,4.84558
chr1,238485785,238487082,RNA109,Yes,318.127,19.76776,6.72224
chr1,245214154,245214279,RNA110,Yes,0.0873111,0.135376,0.0584824
chr10,662026,662118,RNA111,Yes,225.084,15.98698,13.1002
chr10,1556611,1557008,RNA112,Yes,5.96469,4.30880,0.184111
chr10,2013247,2013458,RNA113,Yes,0,0,0
chr10,3053960,3054363,RNA114,Yes,37.9665,6.97121,3.0618
chr10,3142972,3143088,RNA115,Yes,28.7567,3.29247,3.29247
chr10,4659982,4660111,RNA116,Yes,0,0,0
chr10,5596011,5596605,RNA117,Yes,750.367,32.2217,16.2394
chr10,6738357,6738939,RNA118,Yes,654.009,12.32460,11.2658
chr10,9286592,9287056,RNA119,Yes,8.37051,11.54250,2.46273
chr10,10422597,10422705,RNA120,Yes,2.46554,2.31619,2.31619
chr10,11857265,11857371,RNA121,Yes,5.88297,14.40200,3.36283
chr10,17216167,17216274,RNA122,Yes,6045.91,35.164,30.4194
chr10,21174482,21174923,RNA123,Yes,2618.37,22.3057,13.9375
chr10,23344424,23345159,RNA124,Yes,1747.46,14.47876,8.45087
chr10,26578836,26578973,RNA125,Yes,0,0,0
chr10,26591310,26591413,RNA126,Yes,2.67791,1.12193,1.12193
chr10,27767358,27767799,RNA127,Yes,32.5044,9.45844,4.03029
chr10,30723419,30723740,RNA128,Yes,25.0373,11.50479,3.23803
chr10,31707306,31707680,RNA129,Yes,5917.22,22.01382,22.0138
chr10,32374303,32374488,RNA130,Yes,0.0031993,0.230445,0.0024913
chr10,33074862,33074983,RNA131,Yes,26.0895,7.49766,7.49766
chr10,33909156,33909322,RNA132,Yes,19.372,12.43545,12.4354
chr10,38435130,38435253,RNA133,Yes,0,0,0
chr10,42477261,42477442,RNA134,Yes,12.8005,3.11369,3.06208
chr10,43778582,43778865,RNA135,Yes,14.7946,4.50059,3.49869
chr10,44293301,44293489,RNA136,Yes,1785.09,16.36049,16.3605
chr10,44999317,44999447,RNA137,Yes,2.50003,3.90931,0.811934
chr10,46597834,46598803,RNA138,Yes,2926.98,26.01708,19.2265
chr10,52300513,52300600,RNA139,Yes,32.4897,15.76165,15.7616
chr10,62643742,62643963,RNA140,Yes,254.913,15.48528,15.4853
chr10,78279399,78279494,RNA141,Yes,1.25311,0.296023,0.281901
chr10,79716600,79716790,RNA142,Yes,4.79674,4.79674,4.79674
chr10,79766271,79766374,RNA143,Yes,0.162795,0.284531,0.0964968
chr10,85432403,85432692,RNA144,Yes,0.449779,0.194681,0.194681
chr10,85451401,85451721,RNA145,Yes,1.53153,0.725902,0.247411
chr10,89829970,89830304,RNA146,Yes,312.546,14.07670,13.9924
chr10,89914636,89914956,RNA147,Yes,1.01063,1.40641,0.544984
chr10,91350757,91350950,RNA148,Yes,278.563,18.01231,18.0123
chr10,94104338,94104475,RNA149,Yes,323,16.58580,16.5858
chr10,99928160,99928240,RNA150,Yes,42.0803,6.32533,6.32533
chr10,100381216,100381448,RNA151,Yes,0.289731,0.204224,0.184858
chr10,101232254,101232434,RNA152,Yes,0.698246,0.55047,0.293395
chr10,101827860,101827939,RNA153,Yes,12.6224,0.519228,0.519228
chr10,102450187,102450360,RNA154,Yes,5753.24,27.03,20.5851
chr10,104665449,104665974,RNA155,Yes,3.56798,6.42310,1.93305
chr10,108040361,108040507,RNA156,Yes,53.2233,12.09767,12.0977
chr10,117241661,117241783,RNA157,Yes,982.741,13.13460,13.1346
chr10,118049512,118049617,RNA158,Yes,0,0,0
chr11,559779,560107,RNA159,Yes,493.459,17.31225,13.4128
chr11,1051623,1051843,RNA160,Yes,242.422,25.03675,17.8545
chr11,1761319,1762486,RNA161,Yes,84.4232,10.6889,2.41815
chr11,1995876,1996010,RNA162,Yes,0,0,0
chr11,2146245,2146527,RNA163,Yes,12.067,2.54200,2.542
chr11,2329563,2329774,RNA164,Yes,8.60992,4.23377,2.12692
chr11,2902584,2902709,RNA165,Yes,5900.13,27.92416,27.9242
chr11,15561878,15562228,RNA166,Yes,1.20182,3.36673,0.2501
chr11,17696819,17697252,RNA167,Yes,58.8061,9.57788,4.40962
chr11,19981237,19981733,RNA168,Yes,732.792,17.05628,17.0219
chr11,22467847,22467983,RNA169,Yes,17.4312,3.47541,2.84168
chr11,35136346,35136626,RNA170,Yes,37.6665,8.51403,8.51403
chr11,43569767,43570400,RNA171,Yes,0.358868,0.254885,0.0534354
chr11,44974796,44974893,RNA172,Yes,0.324711,0.417854,0.227992
chr11,45771993,45772358,RNA173,Yes,11928.6,25.39006,25.3901
chr11,60621021,60621118,RNA174,Yes,0,0,0
chr11,64247953,64248214,RNA175,Yes,21.6725,7.35994,2.26932
chr11,65181225,65182426,RNA176,Yes,8565.99,20.58453,19.8246
chr11,66363269,66363764,RNA177,Yes,266.309,10.57527,10.5753
chr11,67605892,67606011,RNA178,Yes,95.6717,20.45627,18.9632
chr11,69013791,69013904,RNA179,Yes,1181.88,8.27184,8.27184
chr11,71451690,71452156,RNA180,Yes,83.0423,3.91581,1.87387
chr11,73182790,73183630,RNA181,Yes,565.002,15.93341,12.964
chr11,73307882,73308564,RNA182,Yes,7784.9,20.9111,14.5481
chr11,76444205,76444514,RNA183,Yes,5450.41,28.16859,18.9863
chr11,77739188,77739949,RNA184,Yes,0,0,0
chr11,78425337,78425558,RNA185,Yes,16.4983,6.12922,4.0915
chr11,80760484,80760574,RNA186,Yes,0,0,0
chr11,102461448,102462038,RNA187,Yes,32.8295,11.79707,4.31893
chr11,110366361,110366534,RNA188,Yes,1169.69,17.53160,17.5316
chr11,111097230,111097609,RNA189,Yes,928.678,29.57221,29.5722
chr11,111513017,111513888,RNA190,Yes,1229.79,13.32288,7.72529
chr11,112548247,112548443,RNA191,Yes,0.0417598,0.0810488,0.0277003
chr11,115758141,115758252,RNA192,Yes,10.5453,3.31950,3.3195
chr11,116500542,116501372,RNA193,Yes,198.012,13.30094,13.3009
chr11,118521266,118521372,RNA194,Yes,1.48508,2.81958,1.19699
chr11,126944316,126944467,RNA195,Yes,4.05592,2.87951,2.51221
chr11,127335024,127335145,RNA196,Yes,0,0,0
chr11,128211638,128211719,RNA197,Yes,1.27162,0.66789,0.66789
chr11,128526533,128527418,RNA198,Yes,3.85088,1.76211,0.472572
chr11,128903367,128903547,RNA199,Yes,185.233,12.93900,12.939
chr11,130368894,130369042,RNA200,Yes,373.15,17.32023,17.3202
chr12,182068,182802,RNA201,Yes,364.36,20.42584,13.2811
chr12,2742074,2742180,RNA202,Yes,1.27061,0.273719,0.17839
chr12,8390270,8390447,RNA203,Yes,51.5927,20.86173,20.8617
chr12,9057620,9058876,RNA204,Yes,0.767554,2.06552,0.444021
chr12,10214054,10214369,RNA205,Yes,803.045,19.20663,7.34659
chr12,10557336,10558794,RNA206,Yes,367.475,13.59375,5.46516
chr12,11549590,11549721,RNA207,Yes,0,0,0
chr12,20124445,20124541,RNA208,Yes,0,0,0
chr12,24995807,24995949,RNA209,Yes,0.241263,0.298827,0.138147
chr12,25956227,25956349,RNA210,Yes,0,0,0
chr12,27390395,27390594,RNA211,Yes,0,0,0
chr12,29389455,29389566,RNA212,Yes,311.731,11.98099,11.981
chr12,30986733,30986851,RNA213,Yes,0,0,0
chr12,40167248,40167847,RNA214,Yes,0.408272,0.408272,0.408272
chr12,49294447,49294640,RNA215,Yes,204.346,11.9787,8.79387
chr12,52059101,52059384,RNA216,Yes,99.7284,5.00195,3.87077
chr12,52212044,52212156,RNA217,Yes,21.7947,2.46601,2.46601
chr12,52247177,52248602,RNA218,Yes,241.471,12.0134,5.53281
chr12,53045960,53046139,RNA219,Yes,5.1265,4.39707,0.545623
chr12,53300143,53300615,RNA220,Yes,833.536,14.55224,8.91037
chr12,53964231,53964356,RNA221,Yes,2.44335,2.03793,0.912993
chr12,54131990,54132842,RNA222,Yes,15.3023,8.65295,3.32237
chr12,55729662,55730857,RNA223,Yes,6186.5,15.7124,11.8761
chr12,57726965,57728356,RNA224,Yes,1236.1,18.34324,9.70258
chr12,57935470,57935553,RNA225,Yes,19.0702,10.74572,4.75995
chr12,58921399,58921472,RNA226,Yes,41.5751,6.15299,4.19325
chr12,64900577,64900698,RNA227,Yes,291.215,14.68543,14.6854
chr12,65606028,65606229,RNA228,Yes,40.6981,7.27795,7.27795
chr12,67932277,67932389,RNA229,Yes,1.62835,3.64751,1.62835
chr12,72271823,72272162,RNA230,Yes,3047.73,14.73684,14.7368
chr12,74151002,74151088,RNA231,Yes,0.207139,0.494647,0.103531
chr12,91987556,91987715,RNA232,Yes,3.49946,3.38696,3.36566
chr12,95823089,95823314,RNA233,Yes,0,0,0
chr12,110937185,110937446,RNA234,Yes,2184.44,22.00607,22.0061
chr12,114408828,114409007,RNA235,Yes,545.917,6.88693,5.56376
chr12,118759973,118760067,RNA236,Yes,4.64984,1.00971,1.00971
chr12,118832962,118833043,RNA237,Yes,0,0,0
chr12,120206545,120206621,RNA238,Yes,14.6366,3.48467,3.48467
chr12,122064549,122064682,RNA239,Yes,447.603,21.31050,19.5494
chr12,122396583,122396705,RNA240,Yes,0,0,0
chr12,126405458,126405609,RNA241,Yes,0,0,0
chr12,126873326,126873504,RNA242,Yes,0,0,0
chr12,126922707,126922906,RNA243,Yes,0,0,0
chr12,127275449,127275849,RNA244,Yes,32.3858,6.26373,3.69612
chr12,129209558,129209723,RNA245,Yes,40.0013,3.09392,3.09392
chr12,130072287,130072685,RNA246,Yes,6.30717,4.91591,3.17434
chr12,132276231,132276530,RNA247,Yes,11.5969,5.38895,2.19884
chr13,19562324,19562474,RNA248,Yes,18.1055,4.50297,3.8152
chr13,20939862,20939965,RNA249,Yes,426.437,16.41290,16.4129
chr13,22894606,22895038,RNA250,Yes,0,0,0
chr13,24336639,24337120,RNA251,Yes,0.152548,0.238957,0.0993584
chr13,27822755,27823283,RNA252,Yes,14.42,0.923389,0.512118
chr13,29484869,29485306,RNA253,Yes,2.04424,0.78134,0.238158
chr13,30883094,30883395,RNA254,Yes,4.66009,2.11613,1.21477
chr13,30931246,30931936,RNA255,Yes,1.05649,2.55102,0.462141
chr13,32877431,32877514,RNA256,Yes,0.708175,0.169212,0.131461
chr13,33279460,33279656,RNA257,Yes,671.99,18.08712,18.0871
chr13,33335005,33335208,RNA258,Yes,58.8477,6.10163,5.22997
chr13,34429467,34429554,RNA259,Yes,0,0,0
chr13,40457514,40457615,RNA260,Yes,4.74021,4.11343,4.11343
chr13,42811518,42811842,RNA261,Yes,796.366,15.08220,15.0822
chr13,44143557,44143737,RNA262,Yes,19.4445,11.67421,8.69775
chr13,44405614,44406319,RNA263,Yes,415.33,13.07373,11.5531
chr13,44577042,44577177,RNA264,Yes,8097.04,14.78291,14.7829
chr13,44651765,44651868,RNA265,Yes,19.3789,4.58104,4.58104
chr13,48302339,48302492,RNA266,Yes,0.975335,0.333029,0.297543
chr13,50808540,50808706,RNA267,Yes,0,0,0
chr13,51454003,51454715,RNA268,Yes,229.395,17.40660,2.20421
chr13,54127280,54127477,RNA269,Yes,17.4201,17.36700,17.367
chr13,60020921,60021008,RNA270,Yes,0,0,0
chr13,60226605,60226818,RNA271,Yes,649.674,17.64233,17.6423
chr13,62328756,62328835,RNA272,Yes,0.231554,0.653312,0.231554
chr13,67374865,67374965,RNA273,Yes,0,0,0
chr13,75873657,75873734,RNA274,Yes,466.508,12.78757,12.7876
chr13,79412682,79412907,RNA275,Yes,0.0416166,0.280514,0.0286748
chr13,79805325,79805682,RNA276,Yes,39.2034,10.96104,10.961
chr13,96955861,96955963,RNA277,Yes,0,0,0
chr13,102373424,102373666,RNA278,Yes,5.83121,8.92059,4.71833
chr13,106376867,106377084,RNA279,Yes,409.489,19.62225,13.9882
chr13,106668646,106668928,RNA280,Yes,0.523975,0.608514,0.233048
chr13,109101198,109101357,RNA281,Yes,417.581,12.18274,12.1827
chr13,109166636,109166710,RNA282,Yes,5.38035,7.36286,2.85338
chr13,109401341,109401639,RNA283,Yes,25.8424,11.77766,11.6196
chr13,110122160,110122343,RNA284,Yes,120.357,7.99347,7.62076
chr13,110457525,110457720,RNA285,Yes,15.501,3.38201,2.86367
chr13,110989980,110990602,RNA286,Yes,3.54455,1.62606,0.418279
chr13,112106599,112107480,RNA287,Yes,74.565,9.69023,3.43173
chr13,112198231,112198355,RNA288,Yes,0.41079,0.132393,0.132393
chr13,113833492,113833579,RNA289,Yes,9.46901,2.42115,2.42115
chr13,114108641,114110095,RNA290,Yes,134.196,8.47421,3.01318
chr14,19016800,19017645,RNA291,Yes,8.3912,4.47825,1.51042
chr14,22381844,22381961,RNA292,Yes,5.90844,2.75968,2.75968
chr14,23564727,23564840,RNA293,Yes,0.896473,0.317927,0.317927
chr14,26873397,26873542,RNA294,Yes,335.663,23.20694,23.2069
chr14,27613421,27613496,RNA295,Yes,0,0,0
chr14,28773360,28773433,RNA296,Yes,55.2394,6.82042,5.32808
chr14,31950089,31950294,RNA297,Yes,91.1486,11.04410,11.0441
chr14,34920500,34920637,RNA298,Yes,73.9821,8.10420,8.1042
chr14,44766219,44766301,RNA299,Yes,2.03788,4.77446,2.03788
chr14,51328130,51328659,RNA300,Yes,1456.84,27.68619,20.4114
chr14,51392968,51393117,RNA301,Yes,0,0,0
chr14,56897540,56897648,RNA302,Yes,124.146,17.26619,13.4293
chr14,58894142,58894331,RNA303,Yes,3.43043,2.71414,1.88123
chr14,60323611,60323907,RNA304,Yes,134.686,9.97305,9.02688
chr14,70814227,70814359,RNA305,Yes,0.126599,0.168799,0.126599
chr14,73789027,73789116,RNA306,Yes,70.336,4.94742,4.42641
chr14,86070863,86070967,RNA307,Yes,0,0,0
chr14,88023674,88023776,RNA308,Yes,596.494,15.66655,15.4654
chr14,88025407,88025481,RNA309,Yes,85.6183,9.27273,9.27273
chr14,90456442,90456551,RNA310,Yes,9.52128,2.87530,2.77032
chr14,93907970,93908569,RNA311,Yes,0.395289,0.319639,0.0611079
chr14,94772180,94773607,RNA312,Yes,38.162,7.29427,3.35833
chr14,95533693,95533842,RNA313,Yes,39.9279,2.92863,2.22382
chr14,95577429,95578681,RNA314,Yes,661.67,39.37639,9.88725
chr14,95652377,95652489,RNA315,Yes,531.122,14.64151,14.6415
chr14,97461804,97462332,RNA316,Yes,3.28716,3.16771,1.84183
chr14,97969272,97969547,RNA317,Yes,0,0,0
chr14,98138993,98139310,RNA318,Yes,251.749,18.59193,8.72088
chr14,98712326,98712495,RNA319,Yes,0,0,0
chr14,100889649,100889756,RNA320,Yes,13.7901,0.603341,0.603341
chr14,101122889,101123545,RNA321,Yes,76.5467,16.26669,10.1507
chr14,101443982,101444314,RNA322,Yes,133.44,14.61818,11.536
chr14,103122609,103122791,RNA323,Yes,1991.42,12.32805,12.328
chr14,104136867,104137242,RNA324,Yes,90.7937,15.91499,8.40311
chr14,105921150,105921258,RNA325,Yes,13.0138,0.526517,0.526517
chr14,106288069,106288372,RNA326,Yes,0,0,0
chr14,106488768,106488961,RNA327,Yes,37.2941,19.72541,5.31591
chr15,20942375,20942560,RNA328,Yes,23.5987,5.83760,3.98392
chr15,21020412,21020557,RNA329,Yes,0,0,0
chr15,21555562,21555719,RNA330,Yes,0,0,0
chr15,23976146,23976243,RNA331,Yes,0,0,0
chr15,24566656,24566800,RNA332,Yes,2.62403,3.88440,2.18498
chr15,25118267,25118382,RNA333,Yes,0,0,0
chr15,26116180,26116284,RNA334,Yes,45.1871,19.42997,14.1988
chr15,27158266,27158396,RNA335,Yes,0.280679,0.314554,0.280679
chr15,32603106,32603203,RNA336,Yes,0,0,0
chr15,33306332,33306431,RNA337,Yes,0,0,0
chr15,38224251,38224356,RNA338,Yes,5.48426,4.84568,2.53821
chr15,41285225,41285363,RNA339,Yes,12.7484,0.949778,0.657823
chr15,41926081,41926167,RNA340,Yes,0.478842,0.145086,0.145086
chr15,44536043,44537012,RNA341,Yes,9129.69,43.8852,19.6273
chr15,47804773,47804901,RNA342,Yes,12.1515,6.19573,6.19573
chr15,56890013,56890161,RNA343,Yes,0,0,0
chr15,58066815,58066934,RNA344,Yes,489.887,27.07544,27.0754
chr15,60682359,60682433,RNA345,Yes,1129.27,19.23274,19.2327
chr15,61730582,61731389,RNA346,Yes,31.6059,12.45005,7.11211
chr15,62060968,62062434,RNA347,Yes,782.361,23.65931,6.54309
chr15,63594695,63594786,RNA348,Yes,22.9634,6.08947,6.08947
chr15,67837090,67837433,RNA349,Yes,3.09243,0.603782,0.311478
chr15,69414152,69415150,RNA350,Yes,9857.3,37.47355,31.0224
chr15,71112148,71112276,RNA351,Yes,6.64764,1.179,1.179
chr15,73919838,73920073,RNA352,Yes,5.14496,2.59989,2.59989
chr15,77646388,77646511,RNA353,Yes,120.275,12.30126,12.3013
chr15,82754629,82754784,RNA354,Yes,0,0,0
chr15,90081439,90081840,RNA355,Yes,6.03336,3.86913,1.18238
chr15,90661393,90661483,RNA356,Yes,2138.56,16.23832,16.2383
chr15,90954335,90955302,RNA357,Yes,8140.48,30.69706,23.4814
chr15,91023313,91023971,RNA358,Yes,1.48533,0.501186,0.10961
chr15,93899264,93899363,RNA359,Yes,1.44992,1.4832,1.13862
chr15,95288302,95288434,RNA360,Yes,0.540194,0.385728,0.344817
chr15,96772746,96772847,RNA361,Yes,0.168731,0.168731,0.168731
chr15,97397657,97397794,RNA362,Yes,0.304693,0.444074,0.304693
chr15,98327354,98327453,RNA363,Yes,0.128787,0.0958902,0.0958902
chr15,100850211,100850578,RNA364,Yes,141.772,27.71481,17.1494
chr16,1066919,1067007,RNA365,Yes,1.63217,1.95555,1.40995
chr16,1714002,1714262,RNA366,Yes,1279.34,24.48403,24.484
chr16,1883196,1883296,RNA367,Yes,0.045,0.0714285,0.045
chr16,3054940,3055102,RNA368,Yes,165.388,7.44758,6.88248
chr16,3129248,3129340,RNA369,Yes,502.279,12.74991,12.7499
chr16,10528092,10528481,RNA370,Yes,0.612898,0.251662,0.161629
chr16,11895489,11895611,RNA371,Yes,16.6268,4.80469,4.80469
chr16,25067779,25068955,RNA372,Yes,1.15316,10.72330,0.401212
chr16,26594710,26594932,RNA373,Yes,9.43905,3.3115,1.969
chr16,27452743,27452922,RNA374,Yes,8.02352,2.01157,2.01157
chr16,46978605,46978983,RNA375,Yes,0.2788,0.165964,0.0925111
chr16,47971363,47971687,RNA376,Yes,0.168461,0.301519,0.110743
chr16,50807418,50807629,RNA377,Yes,1.17841,0.584361,0.296841
chr16,52613653,52614637,RNA378,Yes,7.34609,5.92982,0.928041
chr16,54246839,54246962,RNA379,Yes,51.5435,4.76031,4.76031
chr16,55427501,55427589,RNA380,Yes,89.878,9.52486,9.52486
chr16,68645979,68647472,RNA381,Yes,323.881,17.20862,4.35164
chr16,69742135,69742563,RNA382,Yes,604.764,18.4063,16.9561
chr16,70317256,70317415,RNA383,Yes,2.21712,0.278254,0.217003
chr16,70756013,70756087,RNA384,Yes,37.29,9.79255,9.79255
chr16,71414865,71414995,RNA385,Yes,0.387893,0.438488,0.387893
chr16,72284572,72284652,RNA386,Yes,119.382,20.01627,20.0163
chr16,72713333,72713416,RNA387,Yes,0,0,0
chr16,73093081,73093211,RNA388,Yes,18.2805,10.50207,5.41261
chr16,79826988,79827662,RNA389,Yes,113.566,7.71742,7.71742
chr16,85936109,85936748,RNA390,Yes,4719.42,25.26818,25.2682
chr16,86199512,86199718,RNA391,Yes,20.6897,6.43558,3.74888
chr16,86290665,86290744,RNA392,Yes,0.00960066,0.189613,0.00960066
chr16,88194750,88194865,RNA393,Yes,2030.59,24.43411,24.4341
chr16,88561251,88561371,RNA394,Yes,98.6149,7.53488,6.63109
chr16,88737821,88738405,RNA395,Yes,978.192,36.43636,14.5627
chr17,1517718,1518096,RNA396,Yes,0.555356,0.597653,0.214707
chr17,4616763,4617647,RNA397,Yes,165.271,16.23813,9.1134
chr17,10406148,10406238,RNA398,Yes,0,0,0
chr17,15106028,15106586,RNA399,Yes,2.29017,23.79785,0.810321
chr17,16988915,16989050,RNA400,Yes,2496.28,19.91194,15.3254
chr17,19158462,19158555,RNA401,Yes,619.818,14.63293,14.6329
chr17,20614488,20614565,RNA402,Yes,28.2937,3.01602,3.01602
chr17,20892230,20892432,RNA403,Yes,0,0,0
chr17,27930607,27930712,RNA404,Yes,0.0840837,0.0909367,0.0459014
chr17,28599698,28599855,RNA405,Yes,10603.6,27.33309,27.3331
chr17,31572084,31572174,RNA406,Yes,124.578,9.93405,8.03489
chr17,35573877,35574313,RNA407,Yes,0.0471187,0.0742173,0.0379598
chr17,36089339,36090134,RNA408,Yes,1414.21,24.98826,9.66204
chr17,40833115,40833199,RNA409,Yes,6.91057,5.04927,4.6285
chr17,43371247,43371634,RNA410,Yes,1.93011,0.794277,0.439213
chr17,43450897,43451197,RNA411,Yes,3.63315,2.68517,1.75431
chr17,46196368,46196723,RNA412,Yes,2.46863,1.94168,0.875123
chr17,48047625,48047714,RNA413,Yes,6058.4,28.90725,28.9073
chr17,48634551,48634932,RNA414,Yes,24.2665,4.23819,1.45219
chr17,50867496,50868371,RNA415,Yes,6667.07,34.7755,14.4666
chr17,51321586,51321992,RNA416,Yes,22.2599,13.78733,6.58264
chr17,51440233,51440428,RNA417,Yes,22.1042,8.43617,2.19114
chr17,52986440,52986526,RNA418,Yes,52.4427,5.82341,5.82341
chr17,57084840,57085954,RNA419,Yes,12836.2,64.2915,22.2156
chr17,60088161,60088692,RNA420,Yes,541.258,26.9014,12.7023
chr17,68102943,68103058,RNA421,Yes,1.75699,0.406462,0.346376
chr17,72024153,72024304,RNA422,Yes,0.768995,0.444878,0.444878
chr17,72428236,72428332,RNA423,Yes,12.4757,2.11388,2.11388
chr17,73790052,73790174,RNA424,Yes,0.0386017,0.138512,0.0386017
chr17,77089153,77089271,RNA425,Yes,697.024,23.65312,23.6531
chr17,81314408,81314481,RNA426,Yes,155.564,7.03247,7.03247
chr17,81379722,81379821,RNA427,Yes,1016.79,25.43478,25.4348
chr17,82457438,82457548,RNA428,Yes,84.266,16.06454,16.0645
chr18,13151,13354,RNA429,Yes,506.233,6.69722,6.69722
chr18,657842,658186,RNA430,Yes,7934.19,21.86719,21.8672
chr18,3256241,3256322,RNA431,Yes,0.329322,2.96390,0.329322
chr18,3993090,3993202,RNA432,Yes,0.490055,0.471524,0.471524
chr18,5241698,5241812,RNA433,Yes,1.34693,0.706486,0.706486
chr18,5762297,5762473,RNA434,Yes,14.0361,3.30617,3.24981
chr18,6258654,6258796,RNA435,Yes,19.4689,4.34537,4.34537
chr18,6729720,6729961,RNA436,Yes,7515.44,19.77749,19.7775
chr18,9322062,9322152,RNA437,Yes,36.4708,5.56522,5.56522
chr18,9617148,9617285,RNA438,Yes,28.0066,1.43791,1.43791
chr18,12749293,12749738,RNA439,Yes,8.09137,4.94327,1.05295
chr18,13423575,13423756,RNA440,Yes,1.38473,0.323788,0.206878
chr18,14883528,14883652,RNA441,Yes,0,0,0
chr18,24000389,24000513,RNA442,Yes,219.463,11.52062,11.5206
chr18,24987357,24988230,RNA443,Yes,839.512,13.90663,13.1579
chr18,36187235,36187623,RNA444,Yes,6106.05,23.50851,23.5085
chr18,39864053,39864148,RNA445,Yes,51.8554,7.28376,7.28376
chr18,42212364,42212526,RNA446,Yes,14.6133,4.22726,4.22726
chr18,51560592,51560886,RNA447,Yes,0.145284,0.205353,0.145284
chr18,57057499,57057693,RNA448,Yes,27.1167,22.35331,5.06982
chr18,57641559,57642052,RNA449,Yes,0.50038,0.357421,0.0846805
chr18,58449309,58449540,RNA450,Yes,85.6507,20.39362,18.33
chr18,58671469,58672268,RNA451,Yes,8750.19,41.5882,20.6141
chr18,63381377,63381631,RNA452,Yes,13.3178,9.14413,8.92813
chr18,64258218,64258519,RNA453,Yes,10.9233,3.00277,2.22464
chr18,70642545,70642723,RNA454,Yes,7.47116,4.38116,4.20887
chr18,71521989,71522086,RNA455,Yes,0,0,0
chr18,72880087,72880234,RNA456,Yes,0.0525003,0.145614,0.0525003
chr18,73159541,73159646,RNA457,Yes,0,0,0
chr18,73332465,73332581,RNA458,Yes,8.27056,3.20162,3.20162
chr18,76530384,76530464,RNA459,Yes,1.18233,2.23653,0.254885
chr18,76816755,76816842,RNA460,Yes,8.14581,2.96726,2.52388
chr18,80162516,80162603,RNA461,Yes,7.96994,2.06360,2.0636
chr19,571440,571596,RNA462,Yes,606.31,17.17313,17.1731
chr19,1269825,1270744,RNA463,Yes,831.714,17.33948,7.15158
chr19,3143062,3144237,RNA464,Yes,1.18189,3.66376,0.67039
chr19,8376962,8377067,RNA465,Yes,0.946712,0.298104,0.27823
chr19,15827347,15827564,RNA466,Yes,0.29794,0.367346,0.29794
chr19,15831255,15831356,RNA467,Yes,0.236484,0.448585,0.181675
chr19,19762538,19762646,RNA468,Yes,11.4071,9.14104,6.26331
chr19,27793000,27793232,RNA469,Yes,8561.75,28.27073,15.8414
chr19,27919780,27919858,RNA470,Yes,0,0,0
chr19,29391421,29391500,RNA471,Yes,5.63771,1.46862,1.46862
chr19,31167685,31167833,RNA472,Yes,46.6738,20.16385,20.1639
chr19,32037553,32037863,RNA473,Yes,42.9631,12.45387,6.47765
chr19,32399751,32399868,RNA474,Yes,0.357097,0.178273,0.178273
chr19,32691363,32691711,RNA475,Yes,5642.12,24.84335,22.6286
chr19,34818587,34818793,RNA476,Yes,0.0803711,0.0848117,0.0629912
chr19,34850669,34850794,RNA477,Yes,0.72579,0.245126,0.245126
chr19,34893343,34893456,RNA478,Yes,0,0,0
chr19,37497282,37497476,RNA479,Yes,0,0,0
chr19,38597253,38597395,RNA480,Yes,339.276,10.87116,10.8712
chr19,42132905,42133028,RNA481,Yes,2626.23,20.14551,20.1455
chr19,43331344,43331862,RNA482,Yes,98.0914,9.55631,8.70156
chr19,43925142,43925254,RNA483,Yes,0,0,0
chr19,45090069,45090380,RNA484,Yes,44.1844,5.20317,5.0539
chr19,49858347,49858601,RNA485,Yes,118.357,6.47675,6.47675
chr19,50061800,50061999,RNA486,Yes,35.7646,7.95779,7.95779
chr19,51416523,51416730,RNA487,Yes,18.4572,2.77946,2.76173
chr19,56394217,56394441,RNA488,Yes,5.61976,4.70035,1.00722
chr19,56494163,56495436,RNA489,Yes,0.970512,1.98828,0.249902
chr19,58568913,58568995,RNA490,Yes,22.5874,0.455323,0.455323
chr2,949911,950386,RNA491,Yes,1853.66,25.51410,21.1103
chr2,6650106,6650380,RNA492,Yes,2.41605,10.14664,1.34267
chr2,19869496,19869613,RNA493,Yes,594.707,18.63670,12.3254
chr2,20054285,20054501,RNA494,Yes,2.15295,1.06948,0.649369
chr2,25001415,25001545,RNA495,Yes,51.7027,7.73816,7.73816
chr2,32574583,32574934,RNA496,Yes,0.121165,0.193395,0.0749337
chr2,36355088,36355320,RNA497,Yes,1575.19,10.96046,10.356
chr2,37612173,37613087,RNA498,Yes,5.97108,2.88576,1.37026
chr2,38131511,38131614,RNA499,Yes,4.66494,2.39155,2.39155
chr2,38469244,38469447,RNA500,Yes,8.70957,2.60337,2.23787
chr2,39453838,39453931,RNA501,Yes,0,0,0
chr2,41947495,41947815,RNA502,Yes,725.236,20.94545,13.9418
chr2,43102035,43102329,RNA503,Yes,121.517,9.19076,4.97896
chr2,45175115,45175260,RNA504,Yes,0.270009,0.129083,0.127298
chr2,46393113,46393345,RNA505,Yes,49.225,5.07629,3.37378
chr2,46440127,46440226,RNA506,Yes,390.422,32.57241,32.5724
chr2,46580035,46581348,RNA507,Yes,41.6494,5.80585,2.51691
chr2,46817248,46817433,RNA508,Yes,41.0718,3.67347,2.9947
chr2,60369908,60370027,RNA509,Yes,35.6052,8.83231,8.83231
chr2,61480300,61480583,RNA510,Yes,2.43253,0.338132,0.287711
chr2,64904991,64905135,RNA511,Yes,1138.65,19.00767,18.0636
chr2,65030946,65031259,RNA512,Yes,325.781,12.98201,11.8552
chr2,66431820,66431899,RNA513,Yes,0.656065,0.39406,0.299286
chr2,67264997,67265192,RNA514,Yes,0,0,0
chr2,68837382,68837724,RNA515,Yes,1863.14,24.60641,22.2315
chr2,69790204,69790352,RNA516,Yes,2270.32,19.78947,19.7895
chr2,73981109,73981348,RNA517,Yes,454.495,10.01564,9.38704
chr2,74391159,74391243,RNA518,Yes,4068.29,21.62374,21.6237
chr2,87606593,87606769,RNA519,Yes,0,0,0
chr2,88631400,88631825,RNA520,Yes,0.540744,0.526729,0.21283
chr2,95813828,95813919,RNA521,Yes,36.6704,10.09016,8.98135
chr2,96237905,96238099,RNA522,Yes,3.82243,1.91495,1.91495
chr2,100607127,100607325,RNA523,Yes,999.283,20.51860,19.5859
chr2,104489631,104489951,RNA524,Yes,0.118683,0.30389,0.0607544
chr2,104505866,104506303,RNA525,Yes,10.9905,3.64964,2.47207
chr2,107531660,107531779,RNA526,Yes,8.86542,4.11862,4.11862
chr2,107825669,107826126,RNA527,Yes,0.106632,0.558099,0.0867068
chr2,108169497,108169722,RNA528,Yes,0,0,0
chr2,109994401,109995289,RNA529,Yes,0.00322195,0.0986584,0.00322195
chr2,113250767,113250906,RNA530,Yes,25.2209,14.59006,2.52239
chr2,114007019,114007310,RNA531,Yes,67.7635,25.19586,15.7582
chr2,123070167,123070364,RNA532,Yes,0.154281,0.189958,0.154281
chr2,127388881,127388998,RNA533,Yes,104.161,14.49633,11.3536
chr2,131993729,131993911,RNA534,Yes,0,0,0
chr2,138604064,138604559,RNA535,Yes,0.0337431,0.283099,0.0337431
chr2,144768098,144768280,RNA536,Yes,17.0923,5.56515,5.56515
chr2,146846629,146846818,RNA537,Yes,0,0,0
chr2,156022672,156022763,RNA538,Yes,0,0,0
chr2,160271720,160272047,RNA539,Yes,67.094,7.85727,4.03722
chr2,162075478,162075611,RNA540,Yes,93.987,6.83492,4.35223
chr2,173207547,173207654,RNA541,Yes,1.62272,2.66828,1.57104
chr2,174328457,174328836,RNA542,Yes,172.339,6.76631,6.76631
chr2,174488035,174488445,RNA543,Yes,0.49442,0.574138,0.123655
chr2,176178425,176179009,RNA544,Yes,1417.76,14.16163,14.1616
chr2,178426366,178426661,RNA545,Yes,42.0631,9.03574,8.68307
chr2,185729329,185729437,RNA546,Yes,0.626535,0.953039,0.626535
chr2,188789863,188791074,RNA547,Yes,2.77311,1.05697,0.365339
chr2,189764855,189765556,RNA548,Yes,0,0,0
chr2,206240442,206240588,RNA549,Yes,52.3646,5.31871,5.31871
chr2,207268701,207268893,RNA550,Yes,15.778,13.00122,11.7146
chr2,208255903,208256194,RNA551,Yes,0.389854,0.390113,0.147465
chr2,210429365,210429451,RNA552,Yes,14.3746,7.09091,4.46549
chr2,215277608,215277683,RNA553,Yes,43.8902,24.42459,16.9344
chr2,217317966,217319183,RNA554,Yes,23.7687,10.78710,3.74792
chr2,218977482,218977922,RNA555,Yes,0.615804,0.484925,0.176336
chr2,222303746,222305217,RNA556,Yes,72.8625,10.00241,1.7263
chr2,222321467,222321722,RNA557,Yes,0.414454,0.510449,0.186164
chr2,228488683,228488865,RNA558,Yes,0,0,0
chr2,231513527,231513632,RNA559,Yes,18.7329,3.85295,3.85295
chr2,236392295,236392373,RNA560,Yes,0,0,0
chr2,240450611,240450922,RNA561,Yes,106.992,11.82432,10.8358
chr20,2212909,2213151,RNA562,Yes,0.671196,1.05059,0.13458
chr20,3809897,3810014,RNA563,Yes,4.52706,0.564104,0.564104
chr20,4195282,4195378,RNA564,Yes,71.4323,19.53969,18.3185
chr20,5433788,5433962,RNA565,Yes,49.3009,4.60336,4.60336
chr20,6735039,6735124,RNA566,Yes,0,0,0
chr20,10006513,10007116,RNA567,Yes,187.808,23.23627,23.2363
chr20,12951451,12951627,RNA568,Yes,1.903,0.750006,0.511368
chr20,13238984,13239104,RNA569,Yes,1.20063,2.66864,0.511489
chr20,18789574,18789712,RNA570,Yes,0.556052,0.202477,0.182943
chr20,18825266,18825348,RNA571,Yes,0,0,0
chr20,22068439,22068688,RNA572,Yes,0.069922,0.424648,0.069922
chr20,22566683,22566774,RNA573,Yes,0.866251,0.427493,0.427493
chr20,22684745,22684904,RNA574,Yes,443.674,16.51150,16.5115
chr20,23128629,23128829,RNA575,Yes,37.1986,14.31298,9.08874
chr20,23357051,23357137,RNA576,Yes,0.796412,0.301316,0.262776
chr20,25645531,25645648,RNA577,Yes,0,0,0
chr20,26191793,26191867,RNA578,Yes,0,0,0
chr20,26250478,26250720,RNA579,Yes,64.1026,11.81581,11.8158
chr20,32601513,32601696,RNA580,Yes,0.353346,0.843499,0.313431
chr20,35433852,35434651,RNA581,Yes,103.398,8.88158,6.11423
chr20,35490856,35491328,RNA582,Yes,5450.7,44.84795,44.8479
chr20,36149823,36150014,RNA583,Yes,112.423,13.46540,7.75494
chr20,36508812,36508914,RNA584,Yes,0.0613005,0.0976976,0.0613005
chr20,38447466,38447623,RNA585,Yes,552.575,22.18583,17.0001
chr20,41100658,41100767,RNA586,Yes,0,0,0
chr20,43895023,43895468,RNA587,Yes,35.7714,17.52120,7.35819
chr20,44214888,44215003,RNA588,Yes,0.0373223,0.0740011,0.0373223
chr20,44716624,44716739,RNA589,Yes,22.2455,3.56122,3.56122
chr20,44965562,44965685,RNA590,Yes,0,0,0
chr20,46019730,46019848,RNA591,Yes,0,0,0
chr20,47397149,47397289,RNA592,Yes,257.731,17.31571,17.3157
chr20,47983982,47984313,RNA593,Yes,105.879,10.40075,6.41013
chr20,47988607,47988742,RNA594,Yes,80.776,23.03915,20.6499
chr20,48364889,48365197,RNA595,Yes,494.956,12.34316,12.3432
chr20,50166030,50166825,RNA596,Yes,6612.05,39.9418,22.3234
chr20,57392279,57393034,RNA597,Yes,1431.25,41.0314,9.47557
chr20,58519504,58519599,RNA598,Yes,3.15942,0.411005,0.303586
chr20,61079980,61080179,RNA599,Yes,0.554243,0.564449,0.35739
chr20,62553464,62553665,RNA600,Yes,5.41706,4.7579,1.08887
chr20,62664924,62665074,RNA601,Yes,1.39088,1.00053,1.00053
chr21,5585823,5585987,RNA602,Yes,0,0,0
chr21,5585823,5585987,RNA603,Yes,0,0,0
chr21,14825523,14825689,RNA604,Yes,1769.32,18.73303,18.733
chr21,17441674,17441843,RNA605,Yes,616.263,18.92305,18.923
chr21,20258552,20259036,RNA606,Yes,316.272,18.96400,17.0992
chr21,24530664,24530767,RNA607,Yes,0,0,0
chr21,25569837,25569921,RNA608,Yes,8.74389,1.41020,1.4102
chr21,29500173,29500382,RNA609,Yes,148.615,26.23427,14.5606
chr21,29597570,29597694,RNA610,Yes,0,0,0
chr21,29748834,29749145,RNA611,Yes,61.2926,5.36662,5.33942
chr21,31560017,31560487,RNA612,Yes,183.786,19.82991,4.58887
chr21,32960193,32960564,RNA613,Yes,0.535485,0.29332,0.0878779
chr21,33168443,33168580,RNA614,Yes,0.0504391,0.172754,0.0504391
chr21,33266063,33266333,RNA615,Yes,7624.68,29.0501,20.8467
chr21,38120307,38120408,RNA616,Yes,1.55094,1.00756,1.00756
chr21,38122312,38122668,RNA617,Yes,4.8339,1.55671,1.04947
chr21,39609583,39609665,RNA618,Yes,3.63965,2.20518,2.20518
chr21,41688323,41688468,RNA619,Yes,10.4282,6.66910,4.78335
chr21,41717001,41717174,RNA620,Yes,4.10678,2.82190,0.913447
chr21,42614853,42616297,RNA621,Yes,1005.54,19.84135,12.4223
chr21,43360892,43362323,RNA622,Yes,2717.67,24.21660,10.3636
chr21,44490394,44491142,RNA623,Yes,0.71756,1.28711,0.275318
chr21,44803747,44804716,RNA624,Yes,2.90083,2.22395,0.462027
chr21,44934934,44935197,RNA625,Yes,19.3633,4.21532,4.21532
chr21,45289351,45289438,RNA626,Yes,5.99317,0.385995,0.385995
chr22,17124655,17124771,RNA627,Yes,0,0,0
chr22,17165269,17165445,RNA628,Yes,0.144509,0.139421,0.0803438
chr22,24439294,24439464,RNA629,Yes,9.82805,0.726919,0.458811
chr22,26513412,26514567,RNA630,Yes,7.7619,20.13881,3.26057
chr22,27224230,27224308,RNA631,Yes,318.544,15.14477,15.1448
chr22,27922018,27922178,RNA632,Yes,0,0,0
chr22,30018617,30018745,RNA633,Yes,0,0,0
chr22,31937989,31938115,RNA634,Yes,27.9402,14.64935,11.9753
chr22,31973387,31973474,RNA635,Yes,1.86718,0.417854,0.417854
chr22,33725612,33725756,RNA636,Yes,19.004,4.85365,4.11212
chr22,34760355,34760495,RNA637,Yes,133.25,20.20725,20.2072
chr22,36870093,36870738,RNA638,Yes,102.958,21.8572,8.76693
chr22,41213629,41214703,RNA639,Yes,0.860415,4.06030,0.706961
chr22,42091297,42091600,RNA640,Yes,3511.05,24.87603,18.2533
chr22,45605401,45605727,RNA641,Yes,620.012,26.2772,18.7281
chr22,46042574,46042710,RNA642,Yes,4.89048,2.70511,0.994526
chr22,46056847,46056945,RNA643,Yes,67.5338,3.81548,1.24883
chr22,50209211,50209520,RNA644,Yes,1015.4,18.86581,12.1019
chr3,4750946,4751762,RNA645,Yes,1157.52,27.52860,15.5181
chr3,10763200,10763497,RNA646,Yes,7.46902,3.72208,1.70439
chr3,13479643,13479740,RNA647,Yes,9544.47,29.69432,29.6943
chr3,16539376,16539526,RNA648,Yes,0.190952,0.44816,0.137436
chr3,18013655,18013774,RNA649,Yes,7.71059,3.03207,3.03207
chr3,23202864,23203207,RNA650,Yes,10970.1,34.2417,23.9592
chr3,25384646,25384919,RNA651,Yes,43.0367,4.94174,2.98677
chr3,28576273,28576496,RNA652,Yes,3039.66,12.28266,12.2827
chr3,36822396,36823263,RNA653,Yes,1.96244,2.59928,0.734514
chr3,40301237,40301396,RNA654,Yes,1.504,0.994651,0.769447
chr3,42704149,42704232,RNA655,Yes,19.147,3.91877,3.11613
chr3,45679046,45680071,RNA656,Yes,169.298,18.28711,6.52984
chr3,46419517,46419630,RNA657,Yes,0.907032,0.4617,0.269796
chr3,52240175,52241097,RNA658,Yes,624.71,20.8082,6.62338
chr3,63106303,63106422,RNA659,Yes,0.142187,0.214181,0.142187
chr3,64799465,64799745,RNA660,Yes,51.0006,16.64404,12.6342
chr3,67669816,67669909,RNA661,Yes,0,0,0
chr3,71292517,71292640,RNA662,Yes,0,0,0
chr3,75443508,75443646,RNA663,Yes,0,0,0
chr3,82185352,82185453,RNA664,Yes,10.8092,4.56025,4.56025
chr3,107381923,107382155,RNA665,Yes,0,0,0
chr3,107923631,107923800,RNA666,Yes,0.289029,0.208398,0.141809
chr3,109109764,109109849,RNA667,Yes,37.0171,9.67212,9.67212
chr3,111052504,111052711,RNA668,Yes,2.41467,2.41467,2.41467
chr3,112738678,112738894,RNA669,Yes,2.76653,10.38189,2.73967
chr3,112803066,112803161,RNA670,Yes,15.4556,10.98356,10.9836
chr3,116712355,116712857,RNA671,Yes,2.34183,3.53374,2.04844
chr3,129317932,129318310,RNA672,Yes,21.5742,3.30357,2.24608
chr3,130089360,130089450,RNA673,Yes,0.364893,0.328861,0.219241
chr3,130116837,130117092,RNA674,Yes,0.080052,0.113407,0.080052
chr3,131327177,131327272,RNA675,Yes,0,0,0
chr3,132727493,132727582,RNA676,Yes,0,0,0
chr3,134326915,134327944,RNA677,Yes,1183.8,31.6806,11.8413
chr3,136846528,136846613,RNA678,Yes,0.69202,0.69202,0.69202
chr3,137774528,137774614,RNA679,Yes,0,0,0
chr3,148288935,148289043,RNA680,Yes,5.55938,9.18517,3.71015
chr3,154030276,154030393,RNA681,Yes,18.3989,3.66455,3.66455
chr3,156751095,156751183,RNA682,Yes,505.666,15.62013,14.3694
chr3,157099483,157099581,RNA683,Yes,684.992,13.50678,13.5068
chr3,160026610,160026886,RNA684,Yes,34.9824,3.81679,3.81679
chr3,170476771,170476873,RNA685,Yes,0.717444,0.53091,0.359145
chr3,176634344,176634535,RNA686,Yes,5.46177,2.92135,2.92135
chr3,177038362,177038450,RNA687,Yes,0,0,0
chr3,179901926,179902086,RNA688,Yes,1.46551,2.14754,1.42275
chr3,183452078,183452512,RNA689,Yes,0.173082,0.14096,0.0779502
chr3,183808730,183808852,RNA690,Yes,1.47834,0.718973,0.642361
chr3,187447608,187447757,RNA691,Yes,0.0566775,0.148157,0.0566775
chr3,193619601,193619686,RNA692,Yes,0,0,0
chr3,193843078,193843225,RNA693,Yes,388.469,10.95281,9.87323
chr3,194204818,194204966,RNA694,Yes,387.42,14.28046,11.9835
chr3,194305757,194306027,RNA695,Yes,119.608,13.38532,13.3853
chr3,194589021,194589142,RNA696,Yes,25.1416,5.9627,2.91304
chr3,194644675,194645407,RNA697,Yes,33.8749,24.82231,5.32391
chr3,195152242,195152856,RNA698,Yes,17.584,8.55506,2.97116
chr3,198155622,198155772,RNA699,Yes,12.6321,16.34541,7.30095
chr4,4544738,4544907,RNA700,Yes,0.276152,0.193437,0.182295
chr4,5526195,5526333,RNA701,Yes,112.692,13.86332,13.8633
chr4,9050287,9050737,RNA702,Yes,0,0,0
chr4,12243052,12243178,RNA703,Yes,101.176,15.90370,15.9037
chr4,14127077,14127258,RNA704,Yes,0,0,0
chr4,17588318,17588424,RNA705,Yes,0.135476,0.191473,0.135476
chr4,25197468,25198505,RNA706,Yes,0,0,0
chr4,29008674,29008747,RNA707,Yes,0,0,0
chr4,29215288,29215486,RNA708,Yes,0,0,0
chr4,31557499,31557594,RNA709,Yes,36.7325,13.10658,13.1066
chr4,32146052,32146267,RNA710,Yes,32.6464,16.67606,16.6761
chr4,34125801,34125940,RNA711,Yes,0,0,0
chr4,38569087,38569252,RNA712,Yes,1.39665,3.87796,0.399547
chr4,39641694,39641792,RNA713,Yes,9.85463,2.26596,2.12723
chr4,41882480,41883771,RNA714,Yes,899.382,29.29782,14.2209
chr4,43458580,43458809,RNA715,Yes,102.664,22.77397,11.1842
chr4,52660892,52661498,RNA716,Yes,1.89866,1.59691,0.231895
chr4,55378584,55378703,RNA717,Yes,116.681,16.93548,16.9355
chr4,56702314,56702489,RNA718,Yes,0.119998,0.308083,0.086172
chr4,61144761,61144988,RNA719,Yes,20.1222,5.19665,3.18209
chr4,64926592,64926732,RNA720,Yes,0.058495,0.11699,0.058495
chr4,75084589,75085020,RNA721,Yes,2.0905,3.17573,1.47366
chr4,75996106,75996744,RNA722,Yes,58.1126,7.93829,6.44223
chr4,86119984,86120601,RNA723,Yes,0,0,0
chr4,86933394,86933542,RNA724,Yes,0,0,0
chr4,88311796,88311871,RNA725,Yes,0,0,0
chr4,102840709,102840783,RNA726,Yes,0,0,0
chr4,108173419,108173519,RNA727,Yes,2694.9,14.15018,11.1507
chr4,111828927,111829028,RNA728,Yes,0,0,0
chr4,117361401,117361506,RNA729,Yes,0,0,0
chr4,128466608,128466772,RNA730,Yes,0.0530631,0.181299,0.0530631
chr4,132644708,132644842,RNA731,Yes,5.21878,5.18135,5.18135
chr4,133096736,133096813,RNA732,Yes,54.2747,18.45775,18.4578
chr4,134455294,134455524,RNA733,Yes,9.51523,4.48377,3.21606
chr4,135114700,135114819,RNA734,Yes,1.05677,0.532621,0.397733
chr4,135867836,135867931,RNA735,Yes,0,0,0
chr4,138090834,138090980,RNA736,Yes,652.323,25.29925,25.2993
chr4,139453685,139454941,RNA737,Yes,12194.4,50.9766,13.5918
chr4,139623101,139624066,RNA738,Yes,32.1638,11.84339,4.40599
chr4,146111311,146111484,RNA739,Yes,393.58,29.13843,21.2517
chr4,173530967,173531078,RNA740,Yes,26.9512,2.73677,1.62399
chr4,176880067,176880600,RNA741,Yes,8.35664,4.12621,2.41862
chr4,177732367,177732479,RNA742,Yes,3.35965,3.26559,3.26559
chr4,181155613,181155739,RNA743,Yes,0,0,0
chr4,181264945,181265497,RNA744,Yes,155.725,15.61249,15.5104
chr4,183497560,183497669,RNA745,Yes,0,0,0
chr4,184509237,184509325,RNA746,Yes,0,0,0
chr4,184850495,184850599,RNA747,Yes,1824.86,17.84499,14.4219
chr4,187208787,187209047,RNA748,Yes,66.7867,20.43177,20.4318
chr4,187665762,187665838,RNA749,Yes,0.974731,0.442759,0.442759
chr4,188456663,188456762,RNA750,Yes,0,0,0
chr4,189884660,189884867,RNA751,Yes,0,0,0
chr4,189937197,189937333,RNA752,Yes,0,0,0
chr5,472679,474134,RNA753,Yes,10234.3,46.0038,18.7703
chr5,1884480,1884758,RNA754,Yes,21.995,11.15520,1.73147
chr5,5038670,5038798,RNA755,Yes,1.40311,2.27340,1.40311
chr5,9548990,9549149,RNA756,Yes,0.769098,0.615359,0.499254
chr5,9857392,9857609,RNA757,Yes,0,0,0
chr5,15243649,15243767,RNA758,Yes,8.69318,5.72986,4.41879
chr5,16141012,16141735,RNA759,Yes,176.232,14.15193,8.5299
chr5,17477615,17477756,RNA760,Yes,156.364,10.19443,10.1944
chr5,17811452,17811549,RNA761,Yes,18.9933,3.98210,3.31628
chr5,20614677,20615096,RNA762,Yes,8.19026,2.21707,0.952441
chr5,29145748,29145874,RNA763,Yes,0,0,0
chr5,35939723,35939991,RNA764,Yes,18.5853,5.71031,5.71031
chr5,36221538,36221901,RNA765,Yes,0.424637,0.763085,0.424637
chr5,36705680,36705851,RNA766,Yes,8.38009,9.01058,4.32086
chr5,37250397,37250646,RNA767,Yes,0.314512,0.392308,0.129228
chr5,37872352,37872465,RNA768,Yes,0.0800695,0.146736,0.0584347
chr5,38427092,38427318,RNA769,Yes,437.944,17.68040,17.6804
chr5,40241435,40241556,RNA770,Yes,0,0,0
chr5,43044443,43045268,RNA771,Yes,29.6507,6.1072,1.35243
chr5,44500541,44500651,RNA772,Yes,0,0,0
chr5,61252709,61252889,RNA773,Yes,44.6062,12.72551,12.7255
chr5,61735377,61735526,RNA774,Yes,22.3322,6.89578,5.28742
chr5,80485466,80485561,RNA775,Yes,0.275317,0.360539,0.155601
chr5,82852010,82852158,RNA776,Yes,0,0,0
chr5,95856878,95856981,RNA777,Yes,208.94,11.3442,6.31319
chr5,97881430,97881567,RNA778,Yes,0,0,0
chr5,98998653,98998735,RNA779,Yes,0,0,0
chr5,109883871,109883970,RNA780,Yes,0,0,0
chr5,111669419,111669635,RNA781,Yes,2.01692,3.00334,1.89099
chr5,115958429,115958601,RNA782,Yes,6.38714,3.09539,0.901609
chr5,116590975,116591102,RNA783,Yes,0.0557299,0.0674067,0.0557299
chr5,119020076,119020240,RNA784,Yes,355.07,15.72739,15.7274
chr5,132332188,132332402,RNA785,Yes,0,0,0
chr5,132419823,132419940,RNA786,Yes,4159.98,22.92584,22.9258
chr5,141050879,141050979,RNA787,Yes,670.372,16.07265,16.0726
chr5,142756733,142756830,RNA788,Yes,18.6752,5.66814,5.66814
chr5,147179911,147180085,RNA789,Yes,27.5944,3.72602,1.43473
chr5,149064250,149064358,RNA790,Yes,141.868,11.11640,9.77831
chr5,154443362,154443480,RNA791,Yes,0.264635,0.256417,0.173842
chr5,160935990,160936109,RNA792,Yes,2.29181,0.836078,0.772845
chr5,172557867,172558095,RNA793,Yes,199.708,16.46971,10.3881
chr5,174427639,174427750,RNA794,Yes,4.33202,4.04018,3.6762
chr5,179860030,179861282,RNA795,Yes,4.40842,1.99098,0.276569
chr5,180685649,180686543,RNA796,Yes,0.245584,0.167297,0.0679293
chr5,181193342,181193467,RNA797,Yes,0.632077,0.298415,0.255443
chr6,182365,182710,RNA798,Yes,0.466558,0.212977,0.0987719
chr6,2248837,2248926,RNA799,Yes,0.240748,0.146978,0.146978
chr6,4489127,4489295,RNA800,Yes,4.64251,4.40305,2.48982
chr6,12585104,12585843,RNA801,Yes,1310.09,37.2993,14.1472
chr6,13486681,13486771,RNA802,Yes,4128.97,19.90369,17.3838
chr6,21668647,21668899,RNA803,Yes,0.726055,0.567851,0.25551
chr6,22717721,22718265,RNA804,Yes,134.085,16.45475,10.9194
chr6,27702314,27702417,RNA805,Yes,0,0,0
chr6,28986677,28986879,RNA806,Yes,1.22753,1.07018,0.948328
chr6,29290126,29290440,RNA807,Yes,0.0213877,0.479695,0.0213877
chr6,30518713,30519580,RNA808,Yes,3.02222,2.86033,0.490061
chr6,30743234,30743673,RNA809,Yes,2878.93,21.56376,14.8863
chr6,30847036,30847149,RNA810,Yes,61.5172,6.02831,6.02831
chr6,31174238,31174498,RNA811,Yes,26.8072,7.27935,7.20021
chr6,31400054,31400982,RNA812,Yes,2993.2,15.20881,15.2088
chr6,31494254,31495694,RNA813,Yes,1221.46,19.23860,7.01576
chr6,31837236,31837435,RNA814,Yes,19.7216,5.28233,3.11773
chr6,33144854,33144946,RNA815,Yes,37.6916,14.68610,6.26503
chr6,34697159,34697471,RNA816,Yes,5291.92,25.47840,24.4607
chr6,38482067,38482527,RNA817,Yes,18.0552,15.33780,7.04385
chr6,43848761,43848869,RNA818,Yes,36.7966,7.37758,7.30927
chr6,43999218,43999291,RNA819,Yes,4.89556,0.305186,0.284289
chr6,52579375,52579609,RNA820,Yes,4.65207,2.36618,1.92126
chr6,54047292,54047632,RNA821,Yes,4.95303,3.12252,1.12066
chr6,56861828,56861915,RNA822,Yes,12.4758,5.80833,5.0916
chr6,70413837,70414071,RNA823,Yes,8639.22,29.76804,29.7371
chr6,76586448,76586566,RNA824,Yes,0,0,0
chr6,81814029,81814419,RNA825,Yes,17.5251,22.82623,8.83785
chr6,84444387,84444500,RNA826,Yes,4.37111,3.33598,2.51123
chr6,96369381,96369500,RNA827,Yes,11.5797,3.76253,3.76253
chr6,105147276,105147380,RNA828,Yes,6.08616,5.44751,3.82373
chr6,106696275,106696400,RNA829,Yes,0.369593,0.147523,0.141622
chr6,111574621,111574802,RNA830,Yes,987.233,15.88448,15.0069
chr6,111901743,111901850,RNA831,Yes,0,0,0
chr6,113433337,113433775,RNA832,Yes,1892.54,27.05270,27.0527
chr6,116463619,116464335,RNA833,Yes,0.196933,2.54108,0.102921
chr6,124920188,124920355,RNA834,Yes,0,0,0
chr6,133506079,133506153,RNA835,Yes,0,0,0
chr6,134447934,134448043,RNA836,Yes,1060.02,18.47446,18.4745
chr6,135642193,135642276,RNA837,Yes,0,0,0
chr6,137672020,137672098,RNA838,Yes,0,0,0
chr6,137945669,137946109,RNA839,Yes,27.4961,14.27437,10.868
chr6,137951141,137951803,RNA840,Yes,787.841,28.07882,17.4326
chr6,138694393,138694547,RNA841,Yes,2.77217,1.27501,1.27501
chr6,138750128,138750249,RNA842,Yes,0.0762894,0.256417,0.0762894
chr6,146844319,146844452,RNA843,Yes,0,0,0
chr6,149032525,149033076,RNA844,Yes,5192.47,17.41159,17.2554
chr6,149243626,149244001,RNA845,Yes,0.105446,0.447332,0.0978166
chr6,149919187,149919508,RNA846,Yes,18.9712,9.78282,5.95857
chr6,158820472,158820593,RNA847,Yes,19.8441,4.6092,2.59029
chr6,159167249,159167477,RNA848,Yes,1.10214,0.392167,0.276606
chr6,159243186,159243329,RNA849,Yes,0,0,0
chr6,165987529,165988835,RNA850,Yes,1937.05,19.8918,14.7292
chr6,167787314,167787460,RNA851,Yes,103.126,6.46077,6.46077
chr7,148532,148618,RNA852,Yes,3.12999,0.818513,0.49192
chr7,294233,294422,RNA853,Yes,125.342,11.22151,11.2215
chr7,607865,608502,RNA854,Yes,97.056,11.06790,7.59289
chr7,1694178,1695454,RNA855,Yes,303.976,18.85055,10.3708
chr7,5072362,5072497,RNA856,Yes,1614.88,21.00303,21.003
chr7,7552159,7552246,RNA857,Yes,0.0331516,0.480698,0.0331516
chr7,7950672,7950770,RNA858,Yes,0,0,0
chr7,16237309,16237413,RNA859,Yes,7.542,1.79229,1.56825
chr7,20329367,20329459,RNA860,Yes,2160.67,13.48111,7.36964
chr7,26376431,26376980,RNA861,Yes,8256.53,30.51616,30.5162
chr7,26399246,26399652,RNA862,Yes,5549.09,21.48004,12.1806
chr7,27099098,27099366,RNA863,Yes,400.759,9.85752,9.85752
chr7,28996165,28996251,RNA864,Yes,6.46465,4.96558,4.96558
chr7,30402912,30403022,RNA865,Yes,0,0,0
chr7,39767404,39767670,RNA866,Yes,0,0,0
chr7,41710598,41710782,RNA867,Yes,0.115745,0.115745,0.115745
chr7,42672785,42672971,RNA868,Yes,77.839,14.79290,12.1684
chr7,44039894,44041102,RNA869,Yes,1378.03,12.31198,8.78414
chr7,47818026,47818195,RNA870,Yes,51.7283,4.20404,4.20404
chr7,64027791,64027866,RNA871,Yes,0,0,0
chr7,65648335,65648421,RNA872,Yes,34.8596,15.19019,15.1902
chr7,66382237,66382340,RNA873,Yes,1.26157,0.266195,0.178325
chr7,66495255,66495474,RNA874,Yes,0.081691,0.0943048,0.0484332
chr7,74062210,74063337,RNA875,Yes,1617.55,38.31492,13.8667
chr7,76551420,76551522,RNA876,Yes,0,0,0
chr7,79454886,79455007,RNA877,Yes,21.1697,8.94428,2.14367
chr7,87151750,87151985,RNA878,Yes,3544,20.43638,12.7041
chr7,92138767,92138951,RNA879,Yes,0,0,0
chr7,94380307,94380435,RNA880,Yes,58.865,6.26118,6.26118
chr7,100852514,100852779,RNA881,Yes,15406,28.72010,28.7201
chr7,101300769,101301346,RNA882,Yes,1.9187,5.72790,0.883506
chr7,101310484,101311338,RNA883,Yes,0.291543,0.436233,0.0638514
chr7,106777542,106777732,RNA884,Yes,345.815,14.26286,14.2629
chr7,107744373,107745023,RNA885,Yes,4292.02,23.30038,10.8422
chr7,108884427,108884702,RNA886,Yes,0,0,0
chr7,112618820,112619037,RNA887,Yes,0,0,0
chr7,116954461,116954679,RNA888,Yes,3432.42,18.22887,13.3299
chr7,128457201,128457299,RNA889,Yes,2.16747,3.58756,0.951802
chr7,130914962,130915102,RNA890,Yes,7.50385,1.12152,1.00937
chr7,131311129,131311259,RNA891,Yes,0,0,0
chr7,143380266,143381220,RNA892,Yes,14507.5,28.8303,15.6302
chr7,143415068,143415199,RNA893,Yes,0.305129,0.191945,0.191945
chr7,149870242,149870396,RNA894,Yes,149.807,16.6593,8.91924
chr7,151411228,151411312,RNA895,Yes,137.806,8.64362,8.64362
chr7,151807372,151807635,RNA896,Yes,12.8447,4.19267,1.58224
chr7,155359900,155359993,RNA897,Yes,7.86749,0.342856,0.328951
chr7,155395046,155395207,RNA898,Yes,14.254,6.05052,6.05052
chr7,157015889,157016424,RNA899,Yes,555.138,18.88928,9.17984
chr7,157855927,157856130,RNA900,Yes,35.5441,2.81645,2.53765
chr7,159016458,159017646,RNA901,Yes,29.9545,29.71506,7.54003
chr8,1764433,1765399,RNA902,Yes,2844.16,19.96479,9.72578
chr8,8134652,8134790,RNA903,Yes,0,0,0
chr8,8422397,8423013,RNA904,Yes,0,0,0
chr8,8458409,8458526,RNA905,Yes,0.367138,0.165183,0.165183
chr8,11267789,11267921,RNA906,Yes,0.429756,0.130679,0.123749
chr8,11347297,11348189,RNA907,Yes,3906.06,17.86024,17.8602
chr8,12195891,12196238,RNA908,Yes,0,0,0
chr8,12817963,12818291,RNA909,Yes,88.6208,8.64509,8.64509
chr8,23341026,23341149,RNA910,Yes,0.502761,0.361738,0.27645
chr8,24491860,24491949,RNA911,Yes,0,0,0
chr8,29724877,29725144,RNA912,Yes,2.06109,2.51020,1.92731
chr8,29790332,29790447,RNA913,Yes,109.141,12.88759,12.4549
chr8,29923037,29923321,RNA914,Yes,0.0226095,0.0713455,0.0226095
chr8,38516409,38516512,RNA915,Yes,85.4871,9.04348,9.04348
chr8,42263329,42263472,RNA916,Yes,1.02206,0.249234,0.153013
chr8,51913057,51913180,RNA917,Yes,0,0,0
chr8,56520121,56520567,RNA918,Yes,3.40775,2.88343,2.88343
chr8,65172334,65172440,RNA919,Yes,0,0,0
chr8,68306518,68306598,RNA920,Yes,80.4388,15.84553,11.6723
chr8,69836639,69837833,RNA921,Yes,0.220356,0.48157,0.0972013
chr8,70651813,70651894,RNA922,Yes,2676.81,40.68564,40.6856
chr8,73438932,73439104,RNA923,Yes,93.3272,10.24427,10.2443
chr8,76616322,76616528,RNA924,Yes,232.749,16.24571,16.2457
chr8,91069579,91069822,RNA925,Yes,7173.4,28.09376,26.1436
chr8,103132593,103133357,RNA926,Yes,367.094,18.54382,12.2816
chr8,122671268,122671377,RNA927,Yes,13.5201,3.58056,3.58056
chr8,123182526,123183041,RNA928,Yes,1366.7,33.6852,21.968
chr8,124047557,124048181,RNA929,Yes,124.396,14.16175,10.1839
chr8,127890589,127890998,RNA930,Yes,264.712,26.15083,5.35211
chr8,136536977,136537059,RNA931,Yes,2.88138,0.996363,0.996363
chr8,141256441,141256817,RNA932,Yes,2.31747,0.424641,0.202156
chr8,143018160,143018630,RNA933,Yes,4573.45,18.27006,16.4431
chr8,143042958,143043087,RNA934,Yes,233.916,12.51570,12.5157
chr9,2536359,2536512,RNA935,Yes,7.66983,6.85810,5.337
chr9,3186918,3187035,RNA936,Yes,16.0444,8.16327,8.16327
chr9,4679309,4679457,RNA937,Yes,12382.1,68.3167,30.6437
chr9,16215216,16215343,RNA938,Yes,149.289,13.48008,11.0927
chr9,21476899,21477022,RNA939,Yes,0,0,0
chr9,25780416,25780617,RNA940,Yes,1.44543,0.401359,0.327477
chr9,26092360,26092447,RNA941,Yes,0,0,0
chr9,33738288,33738414,RNA942,Yes,1398.15,24.58054,24.5805
chr9,34582335,34583072,RNA943,Yes,1.07843,0.960777,0.250297
chr9,34989159,34989684,RNA944,Yes,15227,62.6086,30.1621
chr9,38621832,38623280,RNA945,Yes,2037.54,17.71003,8.13239
chr9,40324550,40324802,RNA946,Yes,0,0,0
chr9,41102731,41102954,RNA947,Yes,0,0,0
chr9,41698840,41699018,RNA948,Yes,0,0,0
chr9,62542381,62542812,RNA949,Yes,0.019612,0.0467687,0.0128044
chr9,66976529,66977624,RNA950,Yes,0.201389,0.646817,0.0410693
chr9,69304936,69305078,RNA951,Yes,0.276873,0.333186,0.276873
chr9,69820650,69821512,RNA952,Yes,1164.25,38.31987,15.9751
chr9,77177626,77177777,RNA953,Yes,9622.37,22.71767,22.7177
chr9,81747968,81748079,RNA954,Yes,0,0,0
chr9,83712498,83713493,RNA955,Yes,0.0437154,0.332037,0.0437154
chr9,88628257,88628996,RNA956,Yes,18.8715,13.24536,7.77874
chr9,90501639,90501781,RNA957,Yes,0,0,0
chr9,92152736,92152864,RNA958,Yes,13.8702,5.74661,4.8936
chr9,94175865,94176268,RNA959,Yes,105.998,16.97417,9.51901
chr9,96247223,96247335,RNA960,Yes,33.3749,13.58491,13.5849
chr9,98916447,98917817,RNA961,Yes,624.687,27.61311,13.1602
chr9,106638159,106638252,RNA962,Yes,0,0,0
chr9,112484456,112484624,RNA963,Yes,0.842373,0.502284,0.498962
chr9,113110910,113111016,RNA964,Yes,173.962,12.56388,8.55892
chr9,115904371,115904642,RNA965,Yes,0,0,0
chr9,116288676,116288853,RNA966,Yes,494.246,21.20610,21.2061
chr9,125745416,125745598,RNA967,Yes,1.77065,1.9957,0.453771
chr9,128472933,128473291,RNA968,Yes,213.333,11.47939,11.4794
chr9,129208869,129209236,RNA969,Yes,277.254,28.87097,13.1467
chr9,129493478,129493595,RNA970,Yes,39.1562,3.09315,3.09315
chr9,135344021,135344453,RNA971,Yes,1418.92,20.46637,17.4197
chr9,135468088,135468709,RNA972,Yes,55.8557,19.13671,5.38489
chr9,137031998,137033231,RNA973,Yes,256.721,15.9528,4.19416
chr9,137617934,137618191,RNA974,Yes,1772.48,18.37630,14.3042
chr9,138217417,138217535,RNA975,Yes,191.741,8.31614,8.31614
chrX,320208,321319,RNA976,Yes,74.8374,2.7206,0.749841
chrX,2614717,2615422,RNA977,Yes,1311.47,25.31433,23.5108
chrX,2905568,2906122,RNA978,Yes,0,0,0
chrX,3272297,3272372,RNA979,Yes,12.3229,5.82264,5.82264
chrX,11106901,11106990,RNA980,Yes,0,0,0
chrX,12906190,12906306,RNA981,Yes,17.6842,3.81724,3.81724
chrX,18893205,18893338,RNA982,Yes,5.0048,5.54778,2.29419
chrX,30835197,30835295,RNA983,Yes,112.039,25.49105,23.9304
chrX,41276089,41276777,RNA984,Yes,6088.58,20.32686,20.3269
chrX,43953319,43953402,RNA985,Yes,21.0443,2.63898,2.42697
chrX,46327550,46328081,RNA986,Yes,1141.94,20.30792,18.1755
chrX,48066310,48067308,RNA987,Yes,2.43284,4.63463,1.09132
chrX,66017065,66017189,RNA988,Yes,111.176,10.50263,10.5026
chrX,73944584,73944662,RNA989,Yes,6796.01,39.06457,39.0646
chrX,74031595,74031742,RNA990,Yes,0,0,0
chrX,115520484,115520610,RNA991,Yes,0.614319,0.470193,0.208975
chrX,115843090,115843181,RNA992,Yes,2.61001,2.61001,2.61001
chrX,120120852,120121139,RNA993,Yes,27.5788,4.75524,4.75524
chrX,131709497,131709641,RNA994,Yes,0,0,0
chrX,134950200,134950535,RNA995,Yes,0,0,0
chrX,136640774,136640873,RNA996,Yes,6.19554,3.58551,3.58551
chrX,137564331,137564859,RNA997,Yes,84.6715,11.86903,7.036
chrX,149940659,149940886,RNA998,Yes,6645.69,37.9726,7.63629
chrX,154428128,154428373,RNA999,Yes,440.888,31.40432,14.549
chrX,156016662,156017723,RNA1000,Yes,829.21,21.32532,8.57408
