match,mis-match,rep.match,N_s,Q_gap_count,Q_gap_bases,T_gap_count,T_gap_bases,strand,Q_name_prefix,Q_name_suffix,Q_size,Q_start,Q_end,GeneID,TranscriptID,ExonNum,T_size,T_start,T_end,block_count,blockSizes,qStarts,tStarts,Probability_Functional,Essential_Status
23,0,0,0,0,0,0,0,-,gL_000042,Hum_XLOC_000057,23,0,23,ENSG00000234396.3,ENST00000442483.2,exon2,203,21,44,1,"23,","0,","21,",0.528,Non-essential
23,0,0,0,0,0,0,0,-,gL_000149,Hum_XLOC_000233,23,0,23,ENSG00000227959.2,ENST00000424774.2,exon2,1177,164,187,1,"23,","0,","164,",0.96,Non-essential
23,0,0,0,0,0,0,0,-,gL_000150,Hum_XLOC_000233,23,0,23,ENSG00000227959.2,ENST00000424774.2,exon2,1177,165,188,1,"23,","0,","165,",0.96,Non-essential
23,0,0,0,0,0,0,0,-,gL_000218,Hum_XLOC_000312,23,0,23,ENSG00000233069.1,ENST00000436642.1,exon2,152,43,66,1,"23,","0,","43,",0.2,Non-essential
23,0,0,0,0,0,0,0,-,gL_000502,Hum_XLOC_000726,23,0,23,ENSG00000224805.2,ENST00000429328.2,exon2,471,319,342,1,"23,","0,","319,",0.256,Non-essential
23,0,0,0,0,0,0,0,-,gL_000782,Hum_XLOC_001296,23,0,23,ENSG00000237556.1,ENST00000441125.1,exon2,236,98,121,1,"23,","0,","98,",0.28,Non-essential
23,0,0,0,0,0,0,0,-,gL_000922,Hum_XLOC_001487,23,0,23,ENSG00000232721.3,ENST00000692327.1,exon2,240,164,187,1,"23,","0,","164,",0.656,Non-essential
22,0,0,0,0,0,0,0,-,gL_000947,Hum_XLOC_001517,23,0,22,ENSG00000219665.8,ENST00000406892.6,exon2,1000,627,649,1,"22,","1,","627,",0.608,Non-essential
23,0,0,0,0,0,0,0,-,gL_001074,Hum_XLOC_001698,23,0,23,ENSG00000224259.9,ENST00000657602.1,exon2,222,88,111,1,"23,","0,","88,",0.184,Non-essential
23,0,0,0,0,0,0,0,-,gL_001119,Hum_XLOC_001791,23,0,23,ENSG00000232194.1,ENST00000451545.1,exon2,561,307,330,1,"23,","0,","307,",0.016,Cell-type specific
23,0,0,0,0,0,0,0,-,gL_001245,Hum_XLOC_002041,23,0,23,ENSG00000224536.2,ENST00000454651.2,exon2,1336,902,925,1,"23,","0,","902,",0.816,Non-essential
23,0,0,0,0,0,0,0,-,gL_001310,Hum_XLOC_002152,23,0,23,ENSG00000227940.2,ENST00000658311.1,exon2,124,54,77,1,"23,","0,","54,",0.176,Non-essential
23,0,0,0,0,0,0,0,-,gL_001361,Hum_XLOC_002244,23,0,23,ENSG00000286398.1,ENST00000663688.1,exon2,227,43,66,1,"23,","0,","43,",0.28,Non-essential
23,0,0,0,0,0,0,0,-,gL_001595,Hum_XLOC_002517,23,0,23,ENSG00000230368.2,ENST00000446136.1,exon2,1043,572,595,1,"23,","0,","572,",0.368,Non-essential
23,0,0,0,0,0,0,0,-,gL_001610,Hum_XLOC_002525,23,0,23,ENSG00000264569.2,ENST00000582558.2,exon2,199,32,55,1,"23,","0,","32,",0.144,Partially shared
23,0,0,0,0,0,0,0,-,gL_001627,Hum_XLOC_002570,23,0,23,ENSG00000225931.3,ENST00000456687.3,exon2,188,131,154,1,"23,","0,","131,",0.216,Non-essential
23,0,0,0,0,0,0,0,-,gL_001672,Hum_XLOC_002646,23,0,23,ENSG00000231789.4,ENST00000415330.4,exon2,423,264,287,1,"23,","0,","264,",0.936,Non-essential
23,0,0,0,0,0,0,0,-,gL_001701,Hum_XLOC_002702,23,0,23,ENSG00000234593.3,ENST00000666654.1,exon2,119,87,110,1,"23,","0,","87,",0.632,Non-essential
23,0,0,0,0,0,0,0,-,gL_001895,Hum_XLOC_003154,23,0,23,ENSG00000237950.3,ENST00000657883.1,exon2,875,682,705,1,"23,","0,","682,",0.064,Non-essential
23,0,0,0,0,0,0,0,-,gL_001898,Hum_XLOC_003154,23,0,23,ENSG00000237950.3,ENST00000657883.1,exon2,875,802,825,1,"23,","0,","802,",0.064,Non-essential
23,0,0,0,0,0,0,0,+,gL_002047,Hum_XLOC_003440,23,0,23,ENSG00000235011.2,ENST00000415629.2,exon2,163,88,111,1,"23,","0,","88,",0.128,Non-essential
23,0,0,0,0,0,0,0,+,gL_002048,Hum_XLOC_003440,23,0,23,ENSG00000235011.2,ENST00000415629.2,exon2,163,33,56,1,"23,","0,","33,",0.128,Non-essential
23,0,0,0,0,0,0,0,+,gL_002049,Hum_XLOC_003440,23,0,23,ENSG00000235011.2,ENST00000415629.2,exon2,163,32,55,1,"23,","0,","32,",0.128,Non-essential
23,0,0,0,0,0,0,0,-,gL_002124,Hum_XLOC_003568,23,0,23,ENSG00000228852.6,ENST00000624604.3,exon2,358,22,45,1,"23,","0,","22,",0.016,Non-essential
23,0,0,0,0,0,0,0,-,gL_002192,Hum_XLOC_003672,23,0,23,ENSG00000227091.2,ENST00000430098.2,exon2,366,154,177,1,"23,","0,","154,",0.368,Non-essential
23,0,0,0,0,0,0,0,-,gL_002321,Hum_XLOC_003910,23,0,23,ENSG00000237781.3,ENST00000442435.3,exon2,188,154,177,1,"23,","0,","154,",0.84,Non-essential
23,0,0,0,0,0,0,0,-,gL_002536,Hum_XLOC_004314,23,0,23,ENSG00000232586.1,ENST00000415647.1,exon2,1219,362,385,1,"23,","0,","362,",0.6,Non-essential
23,0,0,0,0,0,0,0,-,gL_002703,Hum_XLOC_004607,23,0,23,ENSG00000228792.3,ENST00000452024.3,exon2,580,187,210,1,"23,","0,","187,",0.072,Non-essential
23,0,0,0,0,0,0,0,-,gL_002769,Hum_XLOC_004684,23,0,23,ENSG00000286421.1,ENST00000669070.1,exon2,878,539,562,1,"23,","0,","539,",0.168,Non-essential
23,0,0,0,0,0,0,0,-,gL_002815,Hum_XLOC_004733,23,0,23,ENSG00000272562.2,ENST00000658138.1,exon2,91,32,55,1,"23,","0,","32,",0.52,Non-essential
23,0,0,0,0,0,0,0,-,gL_002910,Hum_XLOC_004855,23,0,23,ENSG00000285177.1,ENST00000646955.1,exon2,270,143,166,1,"23,","0,","143,",0.44,Non-essential
23,0,0,0,0,0,0,0,-,gL_002916,Hum_XLOC_004874,23,0,23,ENSG00000215808.4,ENST00000649127.1,exon2,524,473,496,1,"23,","0,","473,",0.6,Non-essential
23,0,0,0,0,0,0,0,-,gL_002948,Hum_XLOC_004927,23,0,23,ENSG00000238224.1,ENST00000418402.1,exon2,110,0,23,1,"23,","0,","0,",0.552,Non-essential
23,0,0,0,0,0,0,0,+,gL_003033,Hum_XLOC_005083,23,0,23,ENSG00000289897.1,ENST00000701444.1,exon2,463,143,166,1,"23,","0,","143,",0.216,Non-essential
23,0,0,0,0,0,0,0,+,gL_003190,Hum_XLOC_005417,23,0,23,ENSG00000272140.2,ENST00000415917.2,exon2,92,55,78,1,"23,","0,","55,",0.28,Non-essential
23,0,0,0,0,0,0,0,-,gL_003386,Hum_XLOC_005803,23,0,23,ENSG00000224851.2,ENST00000423621.2,exon2,193,21,44,1,"23,","0,","21,",0.224,Non-essential
23,0,0,0,0,0,0,0,-,gL_003390,Hum_XLOC_005812,23,0,23,ENSG00000286795.1,ENST00000656662.1,exon2,215,120,143,1,"23,","0,","120,",0.024,Non-essential
23,0,0,0,0,0,0,0,-,gL_003470,Hum_XLOC_005940,23,0,23,ENSG00000289972.1,ENST00000702190.1,exon2,330,176,199,1,"23,","0,","176,",1.0,Non-essential
23,0,0,0,0,0,0,0,-,gL_003580,Hum_XLOC_006111,23,0,23,ENSG00000286344.1,ENST00000665714.1,exon2,385,296,319,1,"23,","0,","296,",0.064,Non-essential
23,0,0,0,0,0,0,0,-,gL_003581,Hum_XLOC_006111,23,0,23,ENSG00000286344.1,ENST00000665714.1,exon2,385,297,320,1,"23,","0,","297,",0.064,Non-essential
23,0,0,0,0,0,0,0,-,gL_003784,Hum_XLOC_006434,23,0,23,ENSG00000229190.1,ENST00000445235.1,exon2,411,33,56,1,"23,","0,","33,",0.56,Non-essential
23,0,0,0,0,0,0,0,-,gL_003921,Hum_XLOC_006626,23,0,23,ENSG00000236769.3,ENST00000667451.1,exon2,949,231,254,1,"23,","0,","231,",0.096,Non-essential
23,0,0,0,0,0,0,0,+,gL_004029,Hum_XLOC_006823,23,0,23,ENSG00000285871.1,ENST00000650255.1,exon2,1142,758,781,1,"23,","0,","758,",0.016,Non-essential
23,0,0,0,0,0,0,0,-,gL_004040,Hum_XLOC_006853,23,0,23,ENSG00000237512.7,ENST00000447119.3,exon2,415,340,363,1,"23,","0,","340,",0.976,Non-essential
23,0,0,0,0,0,0,0,-,gL_004203,Hum_XLOC_007170,23,0,23,ENSG00000226387.2,ENST00000449805.2,exon2,525,11,34,1,"23,","0,","11,",0.648,Non-essential
23,0,0,0,0,0,0,0,-,gL_004234,Hum_XLOC_007203,23,0,23,ENSG00000203497.3,ENST00000420367.2,exon2,697,121,144,1,"23,","0,","121,",1.0,Non-essential
23,0,0,0,0,0,0,0,-,gL_004235,Hum_XLOC_007203,23,0,23,ENSG00000203497.3,ENST00000420367.2,exon2,697,285,308,1,"23,","0,","285,",1.0,Non-essential
23,0,0,0,0,0,0,0,-,gL_004236,Hum_XLOC_007203,23,0,23,ENSG00000203497.3,ENST00000420367.2,exon2,697,637,660,1,"23,","0,","637,",1.0,Non-essential
23,0,0,0,0,0,0,0,-,gL_004477,Hum_XLOC_007619,23,0,23,ENSG00000255462.1,ENST00000527726.1,exon2,257,88,111,1,"23,","0,","88,",0.864,Non-essential
23,0,0,0,0,0,0,0,-,gL_004551,Hum_XLOC_007731,23,0,23,ENSG00000255117.6,ENST00000658603.1,exon2,1145,549,572,1,"23,","0,","549,",0.016,Non-essential
23,0,0,0,0,0,0,0,-,gL_004565,Hum_XLOC_007770,23,0,23,ENSG00000254508.5,ENST00000533046.5,exon2,222,154,177,1,"23,","0,","154,",0.168,Non-essential
23,0,0,0,0,0,0,0,-,gL_004597,Hum_XLOC_007846,23,0,23,ENSG00000254514.1,ENST00000525926.1,exon2,358,11,34,1,"23,","0,","11,",0.064,Non-essential
23,0,0,0,0,0,0,0,-,gL_004661,Hum_XLOC_007922,23,0,23,ENSG00000287264.1,ENST00000659845.1,exon2,762,297,320,1,"23,","0,","297,",0.16,Non-essential
23,0,0,0,0,0,0,0,-,gL_004663,Hum_XLOC_007922,23,0,23,ENSG00000287264.1,ENST00000659845.1,exon2,762,583,606,1,"23,","0,","583,",0.16,Non-essential
23,0,0,0,0,0,0,0,-,gL_004816,Hum_XLOC_008276,23,0,23,ENSG00000255326.1,ENST00000527803.1,exon2,564,527,550,1,"23,","0,","527,",0.368,Non-essential
23,0,0,0,0,0,0,0,-,gL_004879,Hum_XLOC_008366,23,0,23,ENSG00000246523.10,ENST00000499504.8,exon2,1083,759,782,1,"23,","0,","759,",0.384,Cell-type specific
23,0,0,0,0,0,0,0,-,gL_005169,Hum_XLOC_008854,23,0,23,ENSG00000293274.1,ENST00000602923.2,exon2,1037,10,33,1,"23,","0,","10,",0.088,Non-essential
23,0,0,0,0,0,0,0,-,gL_005355,Hum_XLOC_009172,23,0,23,ENSG00000255175.6,ENST00000529017.5,exon2,166,55,78,1,"23,","0,","55,",0.056,Non-essential
23,0,0,0,0,0,0,0,-,gL_005743,Hum_XLOC_009895,23,0,23,ENSG00000236267.1,ENST00000457746.1,exon2,244,11,34,1,"23,","0,","11,",0.136,Non-essential
23,0,0,0,0,0,0,0,-,gL_005808,Hum_XLOC_010016,23,0,23,ENSG00000280832.3,ENST00000629441.3,exon2,1440,649,672,1,"23,","0,","649,",0.848,Cell-type specific
23,0,0,0,0,0,0,0,-,gL_005905,Hum_XLOC_010238,23,0,23,ENSG00000249790.3,ENST00000656408.1,exon2,650,209,232,1,"23,","0,","209,",0.336,Non-essential
23,0,0,0,0,0,0,0,-,gL_005963,Hum_XLOC_010277,23,0,23,ENSG00000256888.6,ENST00000540188.2,exon2,289,198,221,1,"23,","0,","198,",0.376,Non-essential
23,0,0,0,0,0,0,0,-,gL_006074,Hum_XLOC_010453,23,0,23,ENSG00000256538.2,ENST00000664027.1,exon2,402,197,220,1,"23,","0,","197,",0.024,Non-essential
23,0,0,0,0,0,0,0,-,gL_006102,Hum_XLOC_010496,23,0,23,ENSG00000257784.2,ENST00000667995.1,exon2,247,208,231,1,"23,","0,","208,",0.096,Non-essential
23,0,0,0,0,0,0,0,-,gL_006185,Hum_XLOC_010651,23,0,23,ENSG00000249388.3,ENST00000659052.1,exon2,485,164,187,1,"23,","0,","164,",0.264,Non-essential
23,0,0,0,0,0,0,0,-,gL_006281,Hum_XLOC_010805,23,0,23,ENSG00000256273.1,ENST00000544089.1,exon2,235,22,45,1,"23,","0,","22,",0.016,Non-essential
23,0,0,0,0,0,0,0,-,gL_006283,Hum_XLOC_010805,23,0,23,ENSG00000256273.1,ENST00000544089.1,exon2,235,98,121,1,"23,","0,","98,",0.016,Non-essential
23,0,0,0,0,0,0,0,-,gL_006284,Hum_XLOC_010805,23,0,23,ENSG00000256273.1,ENST00000544089.1,exon2,235,99,122,1,"23,","0,","99,",0.016,Non-essential
23,0,0,0,0,0,0,0,-,gL_006338,Hum_XLOC_010875,23,0,23,ENSG00000257839.1,ENST00000547721.1,exon2,633,33,56,1,"23,","0,","33,",0.72,Non-essential
23,0,0,0,0,0,0,0,-,gL_006354,Hum_XLOC_010880,23,0,23,ENSG00000257526.3,ENST00000702157.1,exon2,128,10,33,1,"23,","0,","10,",0.808,Non-essential
23,0,0,0,0,0,0,0,-,gL_006582,Hum_XLOC_011229,23,0,23,ENSG00000257603.1,ENST00000552413.1,exon2,333,186,209,1,"23,","0,","186,",0.128,Non-essential
23,0,0,0,0,0,0,0,+,gL_006849,Hum_XLOC_011597,23,0,23,ENSG00000293174.1,ENST00000638093.1,exon2,1477,649,672,1,"23,","0,","649,",0.096,Non-essential
23,0,0,0,0,0,0,0,-,gL_006997,Hum_XLOC_011973,23,0,23,ENSG00000258101.2,ENST00000549023.2,exon2,1348,791,814,1,"23,","0,","791,",0.96,Non-essential
23,0,0,0,0,0,0,0,-,gL_007046,Hum_XLOC_012071,23,0,23,ENSG00000249641.2,ENST00000512916.2,exon2,1041,109,132,1,"23,","0,","109,",0.296,Non-essential
23,0,0,0,0,0,0,0,-,gL_007112,Hum_XLOC_012203,23,0,23,ENSG00000287618.1,ENST00000658485.1,exon2,228,165,188,1,"23,","0,","165,",0.2,Non-essential
23,0,0,0,0,0,0,0,-,gL_007164,Hum_XLOC_012326,23,0,23,ENSG00000258220.1,ENST00000548512.1,exon2,696,362,385,1,"23,","0,","362,",0.128,Non-essential
23,0,0,0,0,0,0,0,-,gL_007165,Hum_XLOC_012326,23,0,23,ENSG00000258220.1,ENST00000548512.1,exon2,696,637,660,1,"23,","0,","637,",0.128,Non-essential
23,0,0,0,0,0,0,0,-,gL_007331,Hum_XLOC_012677,23,0,23,ENSG00000255814.2,ENST00000664005.1,exon2,171,142,165,1,"23,","0,","142,",0.088,Non-essential
23,0,0,0,0,0,0,0,-,gL_007375,Hum_XLOC_012729,23,0,23,ENSG00000255856.2,ENST00000538710.1,exon2,500,11,34,1,"23,","0,","11,",0.056,Non-essential
23,0,0,0,0,0,0,0,-,gL_007377,Hum_XLOC_012729,23,0,23,ENSG00000255856.2,ENST00000538710.1,exon2,500,66,89,1,"23,","0,","66,",0.056,Non-essential
23,0,0,0,0,0,0,0,+,gL_007439,Hum_XLOC_012806,23,0,23,ENSG00000256659.2,ENST00000665570.1,exon2,663,517,540,1,"23,","0,","517,",0.104,Non-essential
23,0,0,0,0,0,0,0,+,gL_007441,Hum_XLOC_012806,23,0,23,ENSG00000256659.2,ENST00000665570.1,exon2,663,99,122,1,"23,","0,","99,",0.104,Non-essential
23,0,0,0,0,0,0,0,-,gL_007495,Hum_XLOC_012889,23,0,23,ENSG00000232685.5,ENST00000456737.2,exon2,169,32,55,1,"23,","0,","32,",0.016,Non-essential
23,0,0,0,0,0,0,0,-,gL_007591,Hum_XLOC_013054,23,0,23,ENSG00000236036.2,ENST00000656633.1,exon2,517,88,111,1,"23,","0,","88,",0.048,Non-essential
23,0,0,0,0,0,0,0,-,gL_007938,Hum_XLOC_013521,23,0,23,ENSG00000286929.1,ENST00000652772.1,exon2,188,110,133,1,"23,","0,","110,",0.192,Non-essential
23,0,0,0,0,0,0,0,-,gL_007954,Hum_XLOC_013526,23,0,23,ENSG00000233532.6,ENST00000643760.1,exon2,217,10,33,1,"23,","0,","10,",0.016,Non-essential
23,0,0,0,0,0,0,0,-,gL_007955,Hum_XLOC_013526,23,0,23,ENSG00000233532.6,ENST00000643760.1,exon2,217,11,34,1,"23,","0,","11,",0.016,Non-essential
23,0,0,0,0,0,0,0,-,gL_008018,Hum_XLOC_013624,23,0,23,ENSG00000290541.1,ENST00000428301.1,exon2,190,55,78,1,"23,","0,","55,",0.072,Non-essential
23,0,0,0,0,0,0,0,-,gL_008223,Hum_XLOC_013985,23,0,23,ENSG00000229578.3,ENST00000662481.1,exon2,204,109,132,1,"23,","0,","109,",0.048,Non-essential
23,0,0,0,0,0,0,0,-,gL_008238,Hum_XLOC_014040,23,0,23,ENSG00000261105.6,ENST00000568302.5,exon2,136,22,45,1,"23,","0,","22,",0.896,Non-essential
23,0,0,0,0,0,0,0,-,gL_008259,Hum_XLOC_014073,23,0,23,ENSG00000285684.1,ENST00000647704.1,exon2,145,55,78,1,"23,","0,","55,",0.264,Non-essential
23,0,0,0,0,0,0,0,-,gL_008391,Hum_XLOC_014203,23,0,23,ENSG00000234650.6,ENST00000451662.1,exon2,141,88,111,1,"23,","0,","88,",0.52,Non-essential
23,0,0,0,0,0,0,0,-,gL_008490,Hum_XLOC_014370,23,0,23,ENSG00000178107.2,ENST00000320322.2,exon2,240,21,44,1,"23,","0,","21,",0.048,Non-essential
23,0,0,0,0,0,0,0,-,gL_008822,Hum_XLOC_014897,23,0,23,ENSG00000273783.2,ENST00000618431.1,exon2,821,274,297,1,"23,","0,","274,",0.432,Non-essential
23,0,0,0,0,0,0,0,-,gL_008904,Hum_XLOC_015011,23,0,23,ENSG00000258927.2,ENST00000555032.1,exon2,195,43,66,1,"23,","0,","43,",0.136,Cell-type specific
23,0,0,0,0,0,0,0,-,gL_008958,Hum_XLOC_015093,23,0,23,ENSG00000259082.1,ENST00000555725.1,exon2,333,186,209,1,"23,","0,","186,",0.336,Non-essential
23,0,0,0,0,0,0,0,-,gL_009054,Hum_XLOC_015224,23,0,23,ENSG00000258642.1,ENST00000555481.1,exon2,531,153,176,1,"23,","0,","153,",0.048,Non-essential
23,0,0,0,0,0,0,0,-,gL_009055,Hum_XLOC_015224,23,0,23,ENSG00000258642.1,ENST00000555481.1,exon2,531,154,177,1,"23,","0,","154,",0.048,Non-essential
23,0,0,0,0,0,0,0,-,gL_009193,Hum_XLOC_015394,23,0,23,ENSG00000259149.1,ENST00000555362.1,exon2,222,120,143,1,"23,","0,","120,",0.064,Non-essential
23,0,0,0,0,0,0,0,-,gL_009335,Hum_XLOC_015616,23,0,23,ENSG00000258837.1,ENST00000554679.1,exon2,405,66,89,1,"23,","0,","66,",0.584,Non-essential
23,0,0,0,0,0,0,0,-,gL_009352,Hum_XLOC_015670,23,0,23,ENSG00000258813.2,ENST00000554737.2,exon2,859,395,418,1,"23,","0,","395,",0.968,Non-essential
23,0,0,0,0,0,0,0,-,gL_009377,Hum_XLOC_015707,23,0,23,ENSG00000259319.2,ENST00000558267.2,exon2,1244,307,330,1,"23,","0,","307,",0.36,Non-essential
23,0,0,0,0,0,0,0,-,gL_009460,Hum_XLOC_015827,23,0,23,ENSG00000258884.3,ENST00000659138.2,exon2,131,77,100,1,"23,","0,","77,",0.28,Non-essential
23,0,0,0,0,0,0,0,-,gL_009535,Hum_XLOC_015957,23,0,23,ENSG00000258498.10,ENST00000553575.2,exon2,533,418,441,1,"23,","0,","418,",0.032,Non-essential
23,0,0,0,0,0,0,0,-,gL_009536,Hum_XLOC_015957,23,0,23,ENSG00000258498.10,ENST00000553575.2,exon2,533,461,484,1,"23,","0,","461,",0.032,Non-essential
23,0,0,0,0,0,0,0,-,gL_009560,Hum_XLOC_015975,23,0,23,ENSG00000259717.1,ENST00000558224.1,exon2,184,121,144,1,"23,","0,","121,",0.568,Non-essential
23,0,0,0,0,0,0,0,-,gL_009656,Hum_XLOC_016118,23,0,23,ENSG00000286598.1,ENST00000657162.1,exon2,375,32,55,1,"23,","0,","32,",0.144,Non-essential
23,0,0,0,0,0,0,0,-,gL_009657,Hum_XLOC_016118,23,0,23,ENSG00000286598.1,ENST00000657162.1,exon2,375,297,320,1,"23,","0,","297,",0.144,Non-essential
23,0,0,0,0,0,0,0,-,gL_009658,Hum_XLOC_016118,23,0,23,ENSG00000286598.1,ENST00000657162.1,exon2,375,330,353,1,"23,","0,","330,",0.144,Non-essential
23,0,0,0,0,0,0,0,-,gL_009686,Hum_XLOC_016139,23,0,23,ENSG00000289522.1,ENST00000685955.1,exon2,1103,1045,1068,1,"23,","0,","1045,",0.296,Non-essential
23,0,0,0,0,0,0,0,-,gL_009703,Hum_XLOC_016143,23,0,23,ENSG00000259150.6,ENST00000557523.2,exon2,942,55,78,1,"23,","0,","55,",0.328,Non-essential
23,0,0,0,0,0,0,0,-,gL_009706,Hum_XLOC_016147,23,0,23,ENSG00000235160.3,ENST00000658140.1,exon2,1003,143,166,1,"23,","0,","143,",0.336,Non-essential
23,0,0,0,0,0,0,0,+,gL_009986,Hum_XLOC_016576,23,0,23,ENSG00000259457.1,ENST00000558010.1,exon2,564,32,55,1,"23,","0,","32,",0.08,Non-essential
23,0,0,0,0,0,0,0,-,gL_010040,Hum_XLOC_016683,23,0,23,ENSG00000261244.1,ENST00000565869.1,exon2,241,33,56,1,"23,","0,","33,",0.312,Non-essential
23,0,0,0,0,0,0,0,-,gL_010041,Hum_XLOC_016683,23,0,23,ENSG00000259783.6,ENST00000565305.6,exon2,272,132,155,1,"23,","0,","132,",0.44,Non-essential
23,0,0,0,0,0,0,0,-,gL_010132,Hum_XLOC_016808,23,0,23,ENSG00000260123.2,ENST00000565938.1,exon2,100,11,34,1,"23,","0,","11,",0.136,Non-essential
23,0,0,0,0,0,0,0,-,gL_010173,Hum_XLOC_016846,23,0,23,ENSG00000291212.1,ENST00000559518.1,exon2,176,44,67,1,"23,","0,","44,",0.576,Non-essential
23,0,0,0,0,0,0,0,-,gL_010354,Hum_XLOC_017144,23,0,23,ENSG00000259390.4,ENST00000558818.3,exon2,106,44,67,1,"23,","0,","44,",0.064,Non-essential
23,0,0,0,0,0,0,0,-,gL_010506,Hum_XLOC_017468,23,0,23,ENSG00000286770.1,ENST00000660959.1,exon2,273,231,254,1,"23,","0,","231,",0.088,Non-essential
23,0,0,0,0,0,0,0,-,gL_010562,Hum_XLOC_017537,23,0,23,ENSG00000261543.1,ENST00000561647.1,exon2,405,242,265,1,"23,","0,","242,",0.104,Non-essential
23,0,0,0,0,0,0,0,-,gL_010563,Hum_XLOC_017537,23,0,23,ENSG00000261543.1,ENST00000561647.1,exon2,405,352,375,1,"23,","0,","352,",0.104,Non-essential
23,0,0,0,0,0,0,0,-,gL_010683,Hum_XLOC_017694,23,0,23,ENSG00000259276.1,ENST00000560712.1,exon2,188,121,144,1,"23,","0,","121,",0.904,Non-essential
23,0,0,0,0,0,0,0,-,gL_010817,Hum_XLOC_017879,23,0,23,ENSG00000185203.12,ENST00000399966.9,exon2,877,758,781,1,"23,","0,","758,",0.6,Non-essential
23,0,0,0,0,0,0,0,+,gL_010851,Hum_XLOC_017948,23,0,23,ENSG00000261123.1,ENST00000565937.1,exon2,384,263,286,1,"23,","0,","263,",0.672,Non-essential
23,0,0,0,0,0,0,0,-,gL_010880,Hum_XLOC_017990,23,0,23,ENSG00000263011.3,ENST00000570700.3,exon2,154,121,144,1,"23,","0,","121,",0.056,Non-essential
23,0,0,0,0,0,0,0,-,gL_010977,Hum_XLOC_018233,23,0,23,ENSG00000231876.8,ENST00000628279.1,exon2,340,176,199,1,"23,","0,","176,",0.04,Non-essential
23,0,0,0,0,0,0,0,-,gL_011007,Hum_XLOC_018304,23,0,23,ENSG00000235560.4,ENST00000457283.3,exon2,715,616,639,1,"23,","0,","616,",0.832,Non-essential
23,0,0,0,0,0,0,0,-,gL_011214,Hum_XLOC_018641,23,0,23,ENSG00000261602.1,ENST00000562696.1,exon2,346,220,243,1,"23,","0,","220,",0.832,Non-essential
23,0,0,0,0,0,0,0,-,gL_011276,Hum_XLOC_018700,23,0,23,ENSG00000259817.3,ENST00000565061.3,exon2,92,55,78,1,"23,","0,","55,",0.24,Non-essential
23,0,0,0,0,0,0,0,-,gL_011277,Hum_XLOC_018700,23,0,23,ENSG00000259817.3,ENST00000565061.3,exon2,92,65,88,1,"23,","0,","65,",0.24,Non-essential
23,0,0,0,0,0,0,0,-,gL_011334,Hum_XLOC_018848,23,0,23,ENSG00000260166.4,ENST00000691103.1,exon2,1184,605,628,1,"23,","0,","605,",0.576,Non-essential
23,0,0,0,0,0,0,0,-,gL_011397,Hum_XLOC_019009,23,0,23,ENSG00000263280.4,ENST00000662388.1,exon2,531,77,100,1,"23,","0,","77,",0.432,Non-essential
23,0,0,0,0,0,0,0,-,gL_011464,Hum_XLOC_019102,23,0,23,ENSG00000260468.1,ENST00000566787.1,exon2,390,65,88,1,"23,","0,","65,",0.232,Non-essential
23,0,0,0,0,0,0,0,-,gL_011496,Hum_XLOC_019152,23,0,23,ENSG00000260009.1,ENST00000566054.1,exon2,186,121,144,1,"23,","0,","121,",0.088,Non-essential
23,0,0,0,0,0,0,0,-,gL_011551,Hum_XLOC_019237,23,0,23,ENSG00000290677.1,ENST00000562618.1,exon2,1482,153,176,1,"23,","0,","153,",0.352,Non-essential
23,0,0,0,0,0,0,0,-,gL_011754,Hum_XLOC_019531,23,0,23,ENSG00000245694.12,ENST00000635991.1,exon2,174,54,77,1,"23,","0,","54,",0.056,Non-essential
23,0,0,0,0,0,0,0,-,gL_011786,Hum_XLOC_019592,23,0,23,ENSG00000261638.2,ENST00000662590.1,exon2,438,286,309,1,"23,","0,","286,",0.024,Non-essential
23,0,0,0,0,0,0,0,-,gL_011896,Hum_XLOC_019827,23,0,23,ENSG00000260228.6,ENST00000565714.5,exon2,237,143,166,1,"23,","0,","143,",0.056,Non-essential
23,0,0,0,0,0,0,0,-,gL_011948,Hum_XLOC_019869,23,0,23,ENSG00000260026.3,ENST00000661967.1,exon2,425,220,243,1,"23,","0,","220,",0.064,Non-essential
23,0,0,0,0,0,0,0,-,gL_011949,Hum_XLOC_019869,23,0,23,ENSG00000260026.3,ENST00000661967.1,exon2,425,286,309,1,"23,","0,","286,",0.064,Non-essential
23,0,0,0,0,0,0,0,-,gL_011998,Hum_XLOC_019941,23,0,23,ENSG00000262061.7,ENST00000574432.2,exon2,429,340,363,1,"23,","0,","340,",0.64,Non-essential
23,0,0,0,0,0,0,0,-,gL_012171,Hum_XLOC_020304,23,0,23,ENSG00000293001.1,ENST00000650069.1,exon2,1200,781,804,1,"23,","0,","781,",0.056,Non-essential
23,0,0,0,0,0,0,0,-,gL_012321,Hum_XLOC_020613,23,0,23,ENSG00000260793.4,ENST00000588279.2,exon2,1245,230,253,1,"23,","0,","230,",0.376,Partially shared
23,0,0,0,0,0,0,0,-,gL_012377,Hum_XLOC_020684,23,0,23,ENSG00000289599.2,ENST00000688651.2,exon2,154,66,89,1,"23,","0,","66,",0.08,Non-essential
23,0,0,0,0,0,0,0,-,gL_012396,Hum_XLOC_020710,23,0,23,ENSG00000177369.11,ENST00000668445.1,exon2,584,363,386,1,"23,","0,","363,",0.248,Non-essential
23,0,0,0,0,0,0,0,-,gL_012467,Hum_XLOC_020843,23,0,23,ENSG00000287664.1,ENST00000654621.1,exon2,325,22,45,1,"23,","0,","22,",0.168,Non-essential
23,0,0,0,0,0,0,0,-,gL_012467,Hum_XLOC_020843,23,0,23,ENSG00000276241.1,ENST00000617914.1,exon2,312,22,45,1,"23,","0,","22,",0.144,Non-essential
23,0,0,0,0,0,0,0,-,gL_012468,Hum_XLOC_020843,23,0,23,ENSG00000276241.1,ENST00000617914.1,exon2,312,165,188,1,"23,","0,","165,",0.144,Non-essential
23,0,0,0,0,0,0,0,-,gL_012604,Hum_XLOC_021075,23,0,23,ENSG00000262188.4,ENST00000655170.3,exon2,892,703,726,1,"23,","0,","703,",0.056,Non-essential
23,0,0,0,0,0,0,0,-,gL_013056,Hum_XLOC_021813,23,0,23,ENSG00000213373.7,ENST00000301683.7,exon2,1291,736,759,1,"23,","0,","736,",0.024,Non-essential
23,0,0,0,0,0,0,0,-,gL_013195,Hum_XLOC_021970,23,0,23,ENSG00000250107.1,ENST00000505793.1,exon2,1251,65,88,1,"23,","0,","65,",0.672,Non-essential
23,0,0,0,0,0,0,0,+,gL_013233,Hum_XLOC_022057,23,0,23,ENSG00000267416.2,ENST00000589740.1,exon2,534,363,386,1,"23,","0,","363,",0.768,Non-essential
23,0,0,0,0,0,0,0,+,gL_013235,Hum_XLOC_022057,23,0,23,ENSG00000267416.2,ENST00000589740.1,exon2,534,264,287,1,"23,","0,","264,",0.768,Non-essential
22,0,0,0,0,0,0,0,-,gL_013462,Hum_XLOC_022392,23,1,23,ENSG00000265458.3,ENST00000579095.2,exon2,110,88,110,1,"22,","0,","88,",0.904,Non-essential
23,0,0,0,0,0,0,0,+,gL_013482,Hum_XLOC_022403,23,0,23,ENSG00000290385.1,ENST00000431321.2,exon2,303,76,99,1,"23,","0,","76,",0.016,Non-essential
23,0,0,0,0,0,0,0,-,gL_013528,Hum_XLOC_022448,23,0,23,ENSG00000266401.4,ENST00000668204.1,exon2,110,0,23,1,"23,","0,","0,",0.488,Non-essential
23,0,0,0,0,0,0,0,-,gL_013575,Hum_XLOC_022494,23,0,23,ENSG00000263627.1,ENST00000582435.1,exon2,168,109,132,1,"23,","0,","109,",0.152,Cell-type specific
23,0,0,0,0,0,0,0,-,gL_013797,Hum_XLOC_023014,23,0,23,ENSG00000286975.1,ENST00000659469.1,exon2,387,11,34,1,"23,","0,","11,",0.08,Non-essential
23,0,0,0,0,0,0,0,-,gL_014059,Hum_XLOC_023349,23,0,23,ENSG00000289868.1,ENST00000701227.1,exon2,224,142,165,1,"23,","0,","142,",0.576,Non-essential
23,0,0,0,0,0,0,0,-,gL_014066,Hum_XLOC_023369,23,0,23,ENSG00000267112.1,ENST00000588466.1,exon2,285,175,198,1,"23,","0,","175,",0.048,Non-essential
23,0,0,0,0,0,0,0,-,gL_014140,Hum_XLOC_023472,23,0,23,ENSG00000263594.2,ENST00000578039.1,exon2,143,44,67,1,"23,","0,","44,",0.032,Non-essential
23,0,0,0,0,0,0,0,-,gL_014162,Hum_XLOC_023488,23,0,23,ENSG00000266304.2,ENST00000578633.2,exon2,714,626,649,1,"23,","0,","626,",0.184,Non-essential
23,0,0,0,0,0,0,0,-,gL_014181,Hum_XLOC_023567,23,0,23,ENSG00000263146.3,ENST00000575722.1,exon2,874,362,385,1,"23,","0,","362,",0.432,Non-essential
23,0,0,0,0,0,0,0,-,gL_014296,Hum_XLOC_023731,23,0,23,ENSG00000267484.1,ENST00000591657.1,exon2,431,55,78,1,"23,","0,","55,",0.664,Non-essential
23,0,0,0,0,0,0,0,-,gL_014302,Hum_XLOC_023744,23,0,23,ENSG00000266983.3,ENST00000692109.2,exon2,227,66,89,1,"23,","0,","66,",0.52,Non-essential
23,0,0,0,0,0,0,0,-,gL_014459,Hum_XLOC_023928,23,0,23,ENSG00000267147.3,ENST00000588275.3,exon2,648,99,122,1,"23,","0,","99,",0.032,Non-essential
23,0,0,0,0,0,0,0,-,gL_014462,Hum_XLOC_023928,23,0,23,ENSG00000267147.3,ENST00000588275.3,exon2,648,318,341,1,"23,","0,","318,",0.032,Non-essential
23,0,0,0,0,0,0,0,-,gL_014586,Hum_XLOC_024155,23,0,23,ENSG00000267407.2,ENST00000664841.1,exon2,220,87,110,1,"23,","0,","87,",0.08,Non-essential
23,0,0,0,0,0,0,0,-,gL_014622,Hum_XLOC_024179,23,0,23,ENSG00000266985.1,ENST00000589967.1,exon2,784,198,221,1,"23,","0,","198,",0.016,Non-essential
23,0,0,0,0,0,0,0,-,gL_014654,Hum_XLOC_024217,23,0,23,ENSG00000224910.2,ENST00000669392.1,exon2,113,88,111,1,"23,","0,","88,",0.112,Non-essential
23,0,0,0,0,0,0,0,+,gL_015024,Hum_XLOC_024876,23,0,23,ENSG00000267372.2,ENST00000590086.2,exon2,471,395,418,1,"23,","0,","395,",0.072,Non-essential
23,0,0,0,0,0,0,0,-,gL_015264,Hum_XLOC_025377,23,0,23,ENSG00000286157.1,ENST00000652517.1,exon2,1001,528,551,1,"23,","0,","528,",0.192,Non-essential
23,0,0,0,0,0,0,0,-,gL_015300,Hum_XLOC_025408,23,0,23,ENSG00000266977.2,ENST00000669145.1,exon2,434,319,342,1,"23,","0,","319,",0.152,Non-essential
23,0,0,0,0,0,0,0,-,gL_015339,Hum_XLOC_025447,23,0,23,ENSG00000267475.3,ENST00000592431.3,exon2,350,76,99,1,"23,","0,","76,",0.864,Cell-type specific
23,0,0,0,0,0,0,0,-,gL_015510,Hum_XLOC_025807,23,0,23,ENSG00000268530.6,ENST00000660043.1,exon2,590,231,254,1,"23,","0,","231,",0.624,Non-essential
23,0,0,0,0,0,0,0,-,gL_015582,Hum_XLOC_025935,23,0,23,ENSG00000269834.8,ENST00000702916.1,exon2,657,472,495,1,"23,","0,","472,",0.376,Non-essential
23,0,0,0,0,0,0,0,-,gL_015754,Hum_XLOC_026198,23,0,23,ENSG00000229740.3,ENST00000663038.1,exon2,1025,21,44,1,"23,","0,","21,",0.072,Non-essential
23,0,0,0,0,0,0,0,-,gL_015755,Hum_XLOC_026198,23,0,23,ENSG00000229740.3,ENST00000663038.1,exon2,1025,142,165,1,"23,","0,","142,",0.072,Non-essential
23,0,0,0,0,0,0,0,-,gL_015756,Hum_XLOC_026198,23,0,23,ENSG00000229740.3,ENST00000663038.1,exon2,1025,725,748,1,"23,","0,","725,",0.072,Non-essential
23,0,0,0,0,0,0,0,-,gL_015759,Hum_XLOC_026198,23,0,23,ENSG00000229740.3,ENST00000663038.1,exon2,1025,791,814,1,"23,","0,","791,",0.072,Non-essential
23,0,0,0,0,0,0,0,-,gL_015826,Hum_XLOC_026281,23,0,23,ENSG00000223536.7,ENST00000423925.6,exon2,495,219,242,1,"23,","0,","219,",0.048,Non-essential
23,0,0,0,0,0,0,0,-,gL_015958,Hum_XLOC_026460,23,0,23,ENSG00000232028.1,ENST00000433893.1,exon2,320,99,122,1,"23,","0,","99,",0.384,Non-essential
23,0,0,0,0,0,0,0,-,gL_016098,Hum_XLOC_026761,23,0,23,ENSG00000272702.1,ENST00000608612.1,exon2,230,21,44,1,"23,","0,","21,",0.256,Non-essential
23,0,0,0,0,0,0,0,-,gL_016187,Hum_XLOC_026891,23,0,23,ENSG00000287670.1,ENST00000662935.1,exon2,755,142,165,1,"23,","0,","142,",0.44,Non-essential
23,0,0,0,0,0,0,0,-,gL_016190,Hum_XLOC_026891,23,0,23,ENSG00000287670.1,ENST00000662935.1,exon2,755,362,385,1,"23,","0,","362,",0.44,Non-essential
23,0,0,0,0,0,0,0,-,gL_016191,Hum_XLOC_026891,23,0,23,ENSG00000287670.1,ENST00000662935.1,exon2,755,659,682,1,"23,","0,","659,",0.44,Non-essential
23,0,0,0,0,0,0,0,-,gL_016192,Hum_XLOC_026891,23,0,23,ENSG00000287670.1,ENST00000662935.1,exon2,755,660,683,1,"23,","0,","660,",0.44,Non-essential
23,0,0,0,0,0,0,0,-,gL_016309,Hum_XLOC_027114,23,0,23,ENSG00000281477.1,ENST00000626392.1,exon2,616,560,583,1,"23,","0,","560,",0.136,Non-essential
23,0,0,0,0,0,0,0,-,gL_016332,Hum_XLOC_027148,23,0,23,ENSG00000234199.3,ENST00000663402.1,exon2,283,65,88,1,"23,","0,","65,",0.024,Cell-type specific
23,0,0,0,0,0,0,0,-,gL_016351,Hum_XLOC_027195,23,0,23,ENSG00000265451.1,ENST00000577914.1,exon2,327,65,88,1,"23,","0,","65,",0.976,Non-essential
23,0,0,0,0,0,0,0,-,gL_016456,Hum_XLOC_027352,23,0,23,ENSG00000283118.1,ENST00000634873.1,exon2,143,66,89,1,"23,","0,","66,",0.992,Non-essential
23,0,0,0,0,0,0,0,-,gL_016555,Hum_XLOC_027544,23,0,23,ENSG00000236651.2,ENST00000448117.1,exon2,94,22,45,1,"23,","0,","22,",0.072,Cell-type specific
23,0,0,0,0,0,0,0,-,gL_016677,Hum_XLOC_027722,23,0,23,ENSG00000225884.3,ENST00000413304.3,exon2,120,65,88,1,"23,","0,","65,",0.08,Non-essential
23,0,0,0,0,0,0,0,-,gL_016678,Hum_XLOC_027723,23,0,23,ENSG00000233766.8,ENST00000424116.7,exon2,436,66,89,1,"23,","0,","66,",0.512,Cell-type specific
23,0,0,0,0,0,0,0,-,gL_016789,Hum_XLOC_027914,23,0,23,ENSG00000225166.2,ENST00000447835.2,exon2,445,198,221,1,"23,","0,","198,",0.168,Non-essential
23,0,0,0,0,0,0,0,-,gL_016839,Hum_XLOC_028080,23,0,23,ENSG00000224376.3,ENST00000415129.3,exon2,429,132,155,1,"23,","0,","132,",0.312,Non-essential
23,0,0,0,0,0,0,0,-,gL_016863,Hum_XLOC_028139,23,0,23,ENSG00000235293.1,ENST00000449362.1,exon2,492,429,452,1,"23,","0,","429,",0.072,Non-essential
23,0,0,0,0,0,0,0,-,gL_016933,Hum_XLOC_028260,23,0,23,ENSG00000223985.2,ENST00000427398.1,exon2,374,165,188,1,"23,","0,","165,",0.096,Non-essential
23,0,0,0,0,0,0,0,-,gL_016947,Hum_XLOC_028268,23,0,23,ENSG00000228799.6,ENST00000445279.6,exon2,156,98,121,1,"23,","0,","98,",0.072,Non-essential
23,0,0,0,0,0,0,0,+,gL_016991,Hum_XLOC_028318,23,0,23,ENSG00000286851.1,ENST00000671297.1,exon2,603,363,386,1,"23,","0,","363,",0.144,Non-essential
23,0,0,0,0,0,0,0,-,gL_017067,Hum_XLOC_028467,23,0,23,ENSG00000228538.7,ENST00000416032.7,exon2,470,297,320,1,"23,","0,","297,",0.576,Non-essential
23,0,0,0,0,0,0,0,-,gL_017191,Hum_XLOC_028687,23,0,23,ENSG00000259439.3,ENST00000560399.2,exon2,947,527,550,1,"23,","0,","527,",0.432,Non-essential
23,0,0,0,0,0,0,0,-,gL_017200,Hum_XLOC_028694,23,0,23,ENSG00000205054.9,ENST00000427020.6,exon2,288,21,44,1,"23,","0,","21,",0.12,Non-essential
23,0,0,0,0,0,0,0,-,gL_017201,Hum_XLOC_028694,23,0,23,ENSG00000205054.9,ENST00000427020.6,exon2,288,43,66,1,"23,","0,","43,",0.12,Non-essential
23,0,0,0,0,0,0,0,-,gL_017221,Hum_XLOC_028712,23,0,23,ENSG00000226548.1,ENST00000453936.1,exon2,548,373,396,1,"23,","0,","373,",0.072,Non-essential
23,0,0,0,0,0,0,0,-,gL_017330,Hum_XLOC_028893,23,0,23,ENSG00000228329.3,ENST00000655209.1,exon2,218,10,33,1,"23,","0,","10,",0.032,Non-essential
23,0,0,0,0,0,0,0,-,gL_017484,Hum_XLOC_029211,23,0,23,ENSG00000225765.3,ENST00000661379.2,exon2,524,308,331,1,"23,","0,","308,",0.2,Non-essential
23,0,0,0,0,0,0,0,-,gL_017545,Hum_XLOC_029272,23,0,23,ENSG00000204588.5,ENST00000419296.1,exon2,1241,1199,1222,1,"23,","0,","1199,",0.776,Non-essential
23,0,0,0,0,0,0,0,-,gL_017586,Hum_XLOC_029312,23,0,23,ENSG00000231538.1,ENST00000417844.1,exon2,440,296,319,1,"23,","0,","296,",0.016,Non-essential
23,0,0,0,0,0,0,0,-,gL_017660,Hum_XLOC_029436,23,0,23,ENSG00000233221.7,ENST00000660150.1,exon2,1092,418,441,1,"23,","0,","418,",0.36,Non-essential
23,0,0,0,0,0,0,0,-,gL_018034,Hum_XLOC_030032,23,0,23,ENSG00000196096.4,ENST00000715296.1,exon2,227,132,155,1,"23,","0,","132,",0.056,Non-essential
23,0,0,0,0,0,0,0,-,gL_018074,Hum_XLOC_030108,23,0,23,ENSG00000286272.1,ENST00000651076.1,exon2,1313,1034,1057,1,"23,","0,","1034,",0.224,Non-essential
23,0,0,0,0,0,0,0,-,gL_018075,Hum_XLOC_030108,23,0,23,ENSG00000286272.1,ENST00000651076.1,exon2,1313,1110,1133,1,"23,","0,","1110,",0.224,Non-essential
23,0,0,0,0,0,0,0,-,gL_018265,Hum_XLOC_030399,23,0,23,ENSG00000230176.3,ENST00000658198.1,exon2,96,22,45,1,"23,","0,","22,",0.088,Non-essential
23,0,0,0,0,0,0,0,-,gL_018396,Hum_XLOC_030656,23,0,23,ENSG00000287853.1,ENST00000671505.1,exon2,984,692,715,1,"23,","0,","692,",0.088,Cell-type specific
23,0,0,0,0,0,0,0,-,gL_018437,Hum_XLOC_030765,23,0,23,ENSG00000233277.1,ENST00000428529.1,exon2,445,176,199,1,"23,","0,","176,",0.128,Non-essential
23,0,0,0,0,0,0,0,-,gL_018541,Hum_XLOC_030893,23,0,23,ENSG00000235415.1,ENST00000444112.1,exon2,161,54,77,1,"23,","0,","54,",0.496,Non-essential
23,0,0,0,0,0,0,0,-,gL_018567,Hum_XLOC_030945,23,0,23,ENSG00000275852.1,ENST00000616333.1,exon2,463,396,419,1,"23,","0,","396,",0.024,Non-essential
23,0,0,0,0,0,0,0,-,gL_018575,Hum_XLOC_030951,23,0,23,ENSG00000254620.1,ENST00000525424.1,exon2,376,10,33,1,"23,","0,","10,",0.12,Non-essential
23,0,0,0,0,0,0,0,-,gL_018627,Hum_XLOC_031024,23,0,23,ENSG00000225978.3,ENST00000433161.1,exon2,831,428,451,1,"23,","0,","428,",0.256,Non-essential
23,0,0,0,0,0,0,0,+,gL_018775,Hum_XLOC_031229,23,0,23,ENSG00000286087.1,ENST00000651029.1,exon2,121,32,55,1,"23,","0,","32,",0.184,Non-essential
23,0,0,0,0,0,0,0,-,gL_019023,Hum_XLOC_031639,23,0,23,ENSG00000237595.7,ENST00000670975.3,exon2,462,407,430,1,"23,","0,","407,",0.672,Non-essential
23,0,0,0,0,0,0,0,-,gL_019214,Hum_XLOC_031910,23,0,23,ENSG00000237484.7,ENST00000656088.1,exon2,208,65,88,1,"23,","0,","65,",0.128,Non-essential
23,0,0,0,0,0,0,0,-,gL_019301,Hum_XLOC_032046,23,0,23,ENSG00000238141.2,ENST00000423274.2,exon2,164,33,56,1,"23,","0,","33,",0.112,Cell-type specific
23,0,0,0,0,0,0,0,-,gL_019569,Hum_XLOC_032352,23,0,23,ENSG00000231324.1,ENST00000457669.1,exon2,889,77,100,1,"23,","0,","77,",0.016,Non-essential
23,0,0,0,0,0,0,0,+,gL_019669,Hum_XLOC_032524,23,0,23,ENSG00000272682.1,ENST00000609936.1,exon2,172,32,55,1,"23,","0,","32,",0.016,Non-essential
23,0,0,0,0,0,0,0,-,gL_019874,Hum_XLOC_032824,23,0,23,ENSG00000287236.1,ENST00000666567.1,exon2,954,538,561,1,"23,","0,","538,",0.112,Non-essential
23,0,0,0,0,0,0,0,-,gL_019948,Hum_XLOC_032947,23,0,23,ENSG00000261251.1,ENST00000563715.1,exon2,480,374,397,1,"23,","0,","374,",0.84,Non-essential
23,0,0,0,0,0,0,0,-,gL_020085,Hum_XLOC_033120,23,0,23,ENSG00000235578.1,ENST00000458154.1,exon2,312,231,254,1,"23,","0,","231,",0.128,Non-essential
23,0,0,0,0,0,0,0,-,gL_020087,Hum_XLOC_033120,23,0,23,ENSG00000235578.1,ENST00000458154.1,exon2,312,264,287,1,"23,","0,","264,",0.128,Non-essential
23,0,0,0,0,0,0,0,-,gL_020097,Hum_XLOC_033164,23,0,23,ENSG00000287122.1,ENST00000656782.1,exon2,1206,605,628,1,"23,","0,","605,",0.208,Non-essential
23,0,0,0,0,0,0,0,-,gL_020259,Hum_XLOC_033495,23,0,23,ENSG00000229891.4,ENST00000653912.2,exon2,338,274,297,1,"23,","0,","274,",0.472,Non-essential
23,0,0,0,0,0,0,0,-,gL_020294,Hum_XLOC_033550,23,0,23,ENSG00000238120.2,ENST00000422971.1,exon2,326,21,44,1,"23,","0,","21,",0.528,Non-essential
23,0,0,0,0,0,0,0,-,gL_020333,Hum_XLOC_033628,23,0,23,ENSG00000225929.1,ENST00000449652.1,exon2,1279,527,550,1,"23,","0,","527,",0.08,Non-essential
23,0,0,0,0,0,0,0,-,gL_020335,Hum_XLOC_033628,23,0,23,ENSG00000225929.1,ENST00000449652.1,exon2,1279,1232,1255,1,"23,","0,","1232,",0.08,Non-essential
23,0,0,0,0,0,0,0,-,gL_020396,Hum_XLOC_033782,23,0,23,ENSG00000286352.1,ENST00000665745.1,exon2,297,143,166,1,"23,","0,","143,",0.344,Non-essential
23,0,0,0,0,0,0,0,-,gL_020547,Hum_XLOC_034073,23,0,23,ENSG00000273356.1,ENST00000609204.1,exon2,359,153,176,1,"23,","0,","153,",0.0,Non-essential
23,0,0,0,0,0,0,0,-,gL_020801,Hum_XLOC_034515,23,0,23,ENSG00000242385.1,ENST00000487512.1,exon2,1321,418,441,1,"23,","0,","418,",0.624,Non-essential
23,0,0,0,0,0,0,0,-,gL_020975,Hum_XLOC_034802,23,0,23,ENSG00000241131.2,ENST00000660712.1,exon2,1279,154,177,1,"23,","0,","154,",0.424,Non-essential
23,0,0,0,0,0,0,0,-,gL_021261,Hum_XLOC_035242,23,0,23,ENSG00000231249.3,ENST00000412804.3,exon2,1056,164,187,1,"23,","0,","164,",0.664,Non-essential
23,0,0,0,0,0,0,0,-,gL_021263,Hum_XLOC_035242,23,0,23,ENSG00000231249.3,ENST00000412804.3,exon2,1056,385,408,1,"23,","0,","385,",0.664,Non-essential
23,0,0,0,0,0,0,0,-,gL_021394,Hum_XLOC_035390,23,0,23,ENSG00000233153.6,ENST00000670967.1,exon2,485,142,165,1,"23,","0,","142,",0.184,Non-essential
23,0,0,0,0,0,0,0,-,gL_021395,Hum_XLOC_035390,23,0,23,ENSG00000233153.6,ENST00000670967.1,exon2,485,395,418,1,"23,","0,","395,",0.184,Non-essential
23,0,0,0,0,0,0,0,-,gL_021457,Hum_XLOC_035508,23,0,23,ENSG00000287780.1,ENST00000655387.1,exon2,216,165,188,1,"23,","0,","165,",0.272,Non-essential
23,0,0,0,0,0,0,0,-,gL_021513,Hum_XLOC_035650,23,0,23,ENSG00000232352.3,ENST00000421735.3,exon2,256,109,132,1,"23,","0,","109,",0.328,Non-essential
23,0,0,0,0,0,0,0,-,gL_021767,Hum_XLOC_036086,23,0,23,ENSG00000241155.1,ENST00000466292.1,exon2,476,252,275,1,"23,","0,","252,",0.944,Non-essential
15,0,0,0,0,0,0,0,+,gL_021899,Hum_XLOC_036278,23,8,23,ENSG00000231291.3,ENST00000503188.1,exon2,1453,1025,1040,1,"15,","8,","1025,",0.112,Non-essential
15,0,0,0,0,0,0,0,-,gL_021899,Hum_XLOC_036278,23,8,23,ENSG00000261644.3,ENST00000563315.2,exon2,724,338,353,1,"15,","0,","338,",0.984,Non-essential
23,0,0,0,0,0,0,0,-,gL_022020,Hum_XLOC_036564,23,0,23,ENSG00000237978.6,ENST00000437488.5,exon2,190,131,154,1,"23,","0,","131,",0.056,Non-essential
23,0,0,0,0,0,0,0,-,gL_022148,Hum_XLOC_036727,23,0,23,ENSG00000214145.8,ENST00000670716.1,exon2,270,176,199,1,"23,","0,","176,",0.088,Non-essential
23,0,0,0,0,0,0,0,-,gL_022280,Hum_XLOC_036925,23,0,23,ENSG00000290775.1,ENST00000529093.1,exon2,183,153,176,1,"23,","0,","153,",0.136,Non-essential
23,0,0,0,0,0,0,0,-,gL_022280,Hum_XLOC_036925,23,0,23,ENSG00000284606.1,ENST00000641813.1,exon2,183,153,176,1,"23,","0,","153,",0.496,Non-essential
23,0,0,0,0,0,0,0,-,gL_022284,Hum_XLOC_036942,23,0,23,ENSG00000283083.2,ENST00000635390.2,exon2,443,176,199,1,"23,","0,","176,",0.104,Non-essential
23,0,0,0,0,0,0,0,-,gL_022427,Hum_XLOC_037149,23,0,23,ENSG00000286089.1,ENST00000652416.1,exon2,151,109,132,1,"23,","0,","109,",0.24,Non-essential
23,0,0,0,0,0,0,0,-,gL_022450,Hum_XLOC_037192,23,0,23,ENSG00000282904.2,ENST00000634784.2,exon2,402,98,121,1,"23,","0,","98,",0.4,Cell-type specific
23,0,0,0,0,0,0,0,-,gL_022712,Hum_XLOC_037638,23,0,23,ENSG00000250855.2,ENST00000680292.1,exon2,581,242,265,1,"23,","0,","242,",0.048,Non-essential
23,0,0,0,0,0,0,0,-,gL_022737,Hum_XLOC_037678,23,0,23,ENSG00000229565.2,ENST00000669974.1,exon2,485,209,232,1,"23,","0,","209,",0.056,Non-essential
23,0,0,0,0,0,0,0,-,gL_022746,Hum_XLOC_037681,23,0,23,ENSG00000269893.10,ENST00000602520.7,exon2,203,43,66,1,"23,","0,","43,",0.792,Partially shared
23,0,0,0,0,0,0,0,-,gL_022754,Hum_XLOC_037699,23,0,23,ENSG00000250392.2,ENST00000505122.2,exon2,505,65,88,1,"23,","0,","65,",0.168,Non-essential
23,0,0,0,0,0,0,0,-,gL_022777,Hum_XLOC_037736,23,0,23,ENSG00000251649.2,ENST00000670367.1,exon2,1074,615,638,1,"23,","0,","615,",0.032,Non-essential
23,0,0,0,0,0,0,0,-,gL_022963,Hum_XLOC_038017,23,0,23,ENSG00000286580.1,ENST00000654869.1,exon2,919,0,23,1,"23,","0,","0,",0.072,Non-essential
23,0,0,0,0,0,0,0,-,gL_022997,Hum_XLOC_038037,23,0,23,ENSG00000250708.3,ENST00000660497.1,exon2,1271,253,276,1,"23,","0,","253,",0.064,Non-essential
23,0,0,0,0,0,0,0,-,gL_023026,Hum_XLOC_038088,23,0,23,ENSG00000286821.1,ENST00000664752.1,exon2,1103,220,243,1,"23,","0,","220,",0.048,Non-essential
23,0,0,0,0,0,0,0,-,gL_023027,Hum_XLOC_038088,23,0,23,ENSG00000286821.1,ENST00000664752.1,exon2,1103,407,430,1,"23,","0,","407,",0.048,Non-essential
23,0,0,0,0,0,0,0,-,gL_023056,Hum_XLOC_038126,23,0,23,ENSG00000235149.1,ENST00000456728.1,exon2,151,0,23,1,"23,","0,","0,",0.024,Non-essential
23,0,0,0,0,0,0,0,-,gL_023082,Hum_XLOC_038158,23,0,23,ENSG00000248370.2,ENST00000666556.1,exon2,622,362,385,1,"23,","0,","362,",0.112,Cell-type specific
23,0,0,0,0,0,0,0,-,gL_023104,Hum_XLOC_038188,23,0,23,ENSG00000286705.2,ENST00000653800.2,exon2,896,846,869,1,"23,","0,","846,",0.512,Non-essential
23,0,0,0,0,0,0,0,-,gL_023135,Hum_XLOC_038221,23,0,23,ENSG00000244459.4,ENST00000466692.3,exon2,489,406,429,1,"23,","0,","406,",0.512,Partially shared
23,0,0,0,0,0,0,0,-,gL_023432,Hum_XLOC_038732,23,0,23,ENSG00000260265.1,ENST00000561705.1,exon2,655,252,275,1,"23,","0,","252,",0.296,Non-essential
23,0,0,0,0,0,0,0,-,gL_023433,Hum_XLOC_038732,23,0,23,ENSG00000260265.1,ENST00000561705.1,exon2,655,297,320,1,"23,","0,","297,",0.296,Non-essential
23,0,0,0,0,0,0,0,-,gL_023536,Hum_XLOC_038940,23,0,23,ENSG00000234492.6,ENST00000507248.2,exon2,799,165,188,1,"23,","0,","165,",0.264,Non-essential
23,0,0,0,0,0,0,0,-,gL_023597,Hum_XLOC_039020,23,0,23,ENSG00000250772.6,ENST00000503266.6,exon2,168,131,154,1,"23,","0,","131,",0.0,Non-essential
23,0,0,0,0,0,0,0,-,gL_023599,Hum_XLOC_039020,23,0,23,ENSG00000250772.6,ENST00000503266.6,exon2,168,143,166,1,"23,","0,","143,",0.0,Non-essential
23,0,0,0,0,0,0,0,-,gL_023623,Hum_XLOC_039075,23,0,23,ENSG00000248187.1,ENST00000514265.1,exon2,1315,483,506,1,"23,","0,","483,",0.656,Non-essential
23,0,0,0,0,0,0,0,-,gL_023642,Hum_XLOC_039107,23,0,23,ENSG00000286467.1,ENST00000669848.1,exon2,972,11,34,1,"23,","0,","11,",0.128,Non-essential
23,0,0,0,0,0,0,0,-,gL_023645,Hum_XLOC_039107,23,0,23,ENSG00000286467.1,ENST00000669848.1,exon2,972,902,925,1,"23,","0,","902,",0.128,Non-essential
23,0,0,0,0,0,0,0,-,gL_023855,Hum_XLOC_039432,23,0,23,ENSG00000249460.2,ENST00000668509.1,exon2,1126,605,628,1,"23,","0,","605,",0.232,Non-essential
15,0,0,0,0,0,0,0,-,gL_023978,Hum_XLOC_039552,23,0,15,ENSG00000260252.1,ENST00000561827.1,exon2,146,27,42,1,"15,","8,","27,",0.192,Non-essential
23,0,0,0,0,0,0,0,-,gL_024107,Hum_XLOC_039707,23,0,23,ENSG00000248455.8,ENST00000659183.1,exon2,209,176,199,1,"23,","0,","176,",0.184,Non-essential
23,0,0,0,0,0,0,0,-,gL_024158,Hum_XLOC_039809,23,0,23,ENSG00000249748.1,ENST00000503269.1,exon2,270,87,110,1,"23,","0,","87,",0.52,Non-essential
23,0,0,0,0,0,0,0,-,gL_024213,Hum_XLOC_039855,23,0,23,ENSG00000286164.1,ENST00000651810.1,exon2,93,21,44,1,"23,","0,","21,",0.96,Non-essential
23,0,0,0,0,0,0,0,-,gL_024226,Hum_XLOC_039915,23,0,23,ENSG00000289060.1,ENST00000693724.1,exon2,351,209,232,1,"23,","0,","209,",0.192,Non-essential
23,0,0,0,0,0,0,0,-,gL_024257,Hum_XLOC_039955,23,0,23,ENSG00000287709.3,ENST00000690177.1,exon2,261,55,78,1,"23,","0,","55,",0.328,Non-essential
23,0,0,0,0,0,0,0,-,gL_024264,Hum_XLOC_039975,23,0,23,ENSG00000233847.1,ENST00000457499.1,exon2,196,43,66,1,"23,","0,","43,",0.616,Non-essential
23,0,0,0,0,0,0,0,-,gL_024326,Hum_XLOC_040114,23,0,23,ENSG00000287162.2,ENST00000658162.2,exon2,234,43,66,1,"23,","0,","43,",0.392,Non-essential
23,0,0,0,0,0,0,0,-,gL_024327,Hum_XLOC_040114,23,0,23,ENSG00000287162.2,ENST00000658162.2,exon2,234,76,99,1,"23,","0,","76,",0.392,Non-essential
23,0,0,0,0,0,0,0,-,gL_024467,Hum_XLOC_040372,23,0,23,ENSG00000250427.1,ENST00000503877.1,exon2,1069,275,298,1,"23,","0,","275,",0.072,Non-essential
23,0,0,0,0,0,0,0,-,gL_024468,Hum_XLOC_040372,23,0,23,ENSG00000250427.1,ENST00000503877.1,exon2,1069,319,342,1,"23,","0,","319,",0.072,Non-essential
23,0,0,0,0,0,0,0,-,gL_024560,Hum_XLOC_040532,23,0,23,ENSG00000246323.2,ENST00000500267.2,exon2,1073,418,441,1,"23,","0,","418,",0.976,Non-essential
23,0,0,0,0,0,0,0,-,gL_024586,Hum_XLOC_040595,23,0,23,ENSG00000231185.9,ENST00000515288.3,exon2,549,121,144,1,"23,","0,","121,",0.664,Cell-type specific
23,0,0,0,0,0,0,0,-,gL_024587,Hum_XLOC_040595,23,0,23,ENSG00000231185.9,ENST00000515288.3,exon2,549,143,166,1,"23,","0,","143,",0.664,Cell-type specific
23,0,0,0,0,0,0,0,-,gL_024714,Hum_XLOC_040835,23,0,23,ENSG00000287814.1,ENST00000660356.1,exon2,965,252,275,1,"23,","0,","252,",0.28,Non-essential
23,0,0,0,0,0,0,0,-,gL_024715,Hum_XLOC_040835,23,0,23,ENSG00000287814.1,ENST00000660356.1,exon2,965,318,341,1,"23,","0,","318,",0.28,Non-essential
23,0,0,0,0,0,0,0,-,gL_024884,Hum_XLOC_041065,23,0,23,ENSG00000286254.1,ENST00000650863.1,exon2,1391,692,715,1,"23,","0,","692,",0.168,Non-essential
23,0,0,0,0,0,0,0,-,gL_024886,Hum_XLOC_041065,23,0,23,ENSG00000286254.1,ENST00000650863.1,exon2,1391,836,859,1,"23,","0,","836,",0.168,Non-essential
23,0,0,0,0,0,0,0,-,gL_025270,Hum_XLOC_041677,23,0,23,ENSG00000249746.3,ENST00000502437.3,exon2,526,461,484,1,"23,","0,","461,",0.6,Non-essential
23,0,0,0,0,0,0,0,-,gL_025656,Hum_XLOC_042411,23,0,23,ENSG00000248473.2,ENST00000658296.1,exon2,250,44,67,1,"23,","0,","44,",0.136,Non-essential
23,0,0,0,0,0,0,0,-,gL_025771,Hum_XLOC_042545,23,0,23,ENSG00000233656.2,ENST00000669663.1,exon2,370,264,287,1,"23,","0,","264,",0.104,Non-essential
23,0,0,0,0,0,0,0,-,gL_025787,Hum_XLOC_042562,23,0,23,ENSG00000289257.2,ENST00000687653.2,exon2,156,11,34,1,"23,","0,","11,",0.256,Cell-type specific
23,0,0,0,0,0,0,0,-,gL_025789,Hum_XLOC_042562,23,0,23,ENSG00000289257.2,ENST00000687653.2,exon2,156,21,44,1,"23,","0,","21,",0.256,Cell-type specific
23,0,0,0,0,0,0,0,-,gL_025866,Hum_XLOC_042671,23,0,23,ENSG00000224843.8,ENST00000669756.1,exon2,705,638,661,1,"23,","0,","638,",0.28,Non-essential
23,0,0,0,0,0,0,0,-,gL_025962,Hum_XLOC_042814,23,0,23,ENSG00000232080.5,ENST00000448198.2,exon2,580,176,199,1,"23,","0,","176,",0.192,Non-essential
23,0,0,0,0,0,0,0,-,gL_026419,Hum_XLOC_043548,23,0,23,ENSG00000287731.1,ENST00000662897.1,exon2,1195,604,627,1,"23,","0,","604,",0.016,Non-essential
23,0,0,0,0,0,0,0,-,gL_026451,Hum_XLOC_043590,23,0,23,ENSG00000231023.9,ENST00000670829.1,exon2,797,605,628,1,"23,","0,","605,",0.112,Cell-type specific
23,0,0,0,0,0,0,0,-,gL_026702,Hum_XLOC_043966,23,0,23,ENSG00000230438.9,ENST00000661223.1,exon2,1339,879,902,1,"23,","0,","879,",0.608,Partially shared
23,0,0,0,0,0,0,0,-,gL_026740,Hum_XLOC_044002,23,0,23,ENSG00000236336.1,ENST00000436283.1,exon2,231,44,67,1,"23,","0,","44,",0.568,Non-essential
23,0,0,0,0,0,0,0,-,gL_026827,Hum_XLOC_044138,23,0,23,ENSG00000280989.2,ENST00000652307.1,exon2,633,231,254,1,"23,","0,","231,",0.088,Non-essential
23,0,0,0,0,0,0,0,-,gL_026888,Hum_XLOC_044242,23,0,23,ENSG00000235570.1,ENST00000456103.1,exon2,365,253,276,1,"23,","0,","253,",0.208,Non-essential
23,0,0,0,0,0,0,0,-,gL_027032,Hum_XLOC_044501,23,0,23,ENSG00000287825.3,ENST00000667155.3,exon2,960,660,683,1,"23,","0,","660,",0.736,Non-essential
23,0,0,0,0,0,0,0,-,gL_027234,Hum_XLOC_044938,23,0,23,ENSG00000286914.1,ENST00000667059.1,exon2,500,0,23,1,"23,","0,","0,",0.088,Non-essential
23,0,0,0,0,0,0,0,-,gL_027237,Hum_XLOC_044938,23,0,23,ENSG00000286914.1,ENST00000667059.1,exon2,500,275,298,1,"23,","0,","275,",0.088,Non-essential
23,0,0,0,0,0,0,0,-,gL_027247,Hum_XLOC_044952,23,0,23,ENSG00000226079.2,ENST00000435802.2,exon2,350,264,287,1,"23,","0,","264,",0.16,Non-essential
23,0,0,0,0,0,0,0,-,gL_027429,Hum_XLOC_045256,23,0,23,ENSG00000234361.1,ENST00000411838.1,exon2,299,55,78,1,"23,","0,","55,",0.968,Non-essential
23,0,0,0,0,0,0,0,-,gL_027591,Hum_XLOC_045446,23,0,23,ENSG00000231476.1,ENST00000421380.1,exon2,333,175,198,1,"23,","0,","175,",0.016,Cell-type specific
23,0,0,0,0,0,0,0,-,gL_027627,Hum_XLOC_045527,23,0,23,ENSG00000244239.1,ENST00000458624.1,exon2,241,176,199,1,"23,","0,","176,",0.4,Non-essential
23,0,0,0,0,0,0,0,-,gL_027627,Hum_XLOC_045527,23,0,23,ENSG00000229970.3,ENST00000424460.1,exon2,246,176,199,1,"23,","0,","176,",0.304,Non-essential
23,0,0,0,0,0,0,0,-,gL_027742,Hum_XLOC_045667,23,0,23,ENSG00000286478.1,ENST00000665298.1,exon2,273,65,88,1,"23,","0,","65,",0.376,Non-essential
23,0,0,0,0,0,0,0,-,gL_028027,Hum_XLOC_046225,23,0,23,ENSG00000231170.7,ENST00000667350.1,exon2,1331,176,199,1,"23,","0,","176,",0.152,Non-essential
23,0,0,0,0,0,0,0,-,gL_028240,Hum_XLOC_046744,23,0,23,ENSG00000203335.5,ENST00000663737.1,exon2,141,43,66,1,"23,","0,","43,",0.336,Non-essential
23,0,0,0,0,0,0,0,-,gL_028263,Hum_XLOC_046776,23,0,23,ENSG00000242048.3,ENST00000462083.3,exon2,263,33,56,1,"23,","0,","33,",0.112,Non-essential
23,0,0,0,0,0,0,0,-,gL_028358,Hum_XLOC_046951,23,0,23,ENSG00000272732.1,ENST00000608770.1,exon2,1372,1276,1299,1,"23,","0,","1276,",0.016,Non-essential
23,0,0,0,0,0,0,0,-,gL_028503,Hum_XLOC_047189,23,0,23,ENSG00000228554.1,ENST00000435766.1,exon2,413,32,55,1,"23,","0,","32,",0.512,Cell-type specific
23,0,0,0,0,0,0,0,-,gL_028945,Hum_XLOC_047858,23,0,23,ENSG00000287592.1,ENST00000670885.1,exon2,1230,473,496,1,"23,","0,","473,",0.096,Non-essential
23,0,0,0,0,0,0,0,-,gL_028947,Hum_XLOC_047858,23,0,23,ENSG00000287592.1,ENST00000670885.1,exon2,1230,748,771,1,"23,","0,","748,",0.096,Non-essential
23,0,0,0,0,0,0,0,-,gL_028977,Hum_XLOC_047934,23,0,23,ENSG00000224899.1,ENST00000454957.1,exon2,450,77,100,1,"23,","0,","77,",0.104,Non-essential
23,0,0,0,0,0,0,0,-,gL_029087,Hum_XLOC_048131,23,0,23,ENSG00000230746.4,ENST00000688801.2,exon2,1174,209,232,1,"23,","0,","209,",0.096,Non-essential
23,0,0,0,0,0,0,0,-,gL_029116,Hum_XLOC_048168,23,0,23,ENSG00000240449.1,ENST00000488310.1,exon2,400,176,199,1,"23,","0,","176,",0.944,Non-essential
23,0,0,0,0,0,0,0,-,gL_029302,Hum_XLOC_048419,23,0,23,ENSG00000286798.1,ENST00000668622.1,exon2,882,187,210,1,"23,","0,","187,",0.0,Non-essential
23,0,0,0,0,0,0,0,-,gL_029405,Hum_XLOC_048632,23,0,23,ENSG00000286677.1,ENST00000668779.1,exon2,1365,98,121,1,"23,","0,","98,",0.08,Non-essential
23,0,0,0,0,0,0,0,-,gL_029477,Hum_XLOC_048737,23,0,23,ENSG00000253844.2,ENST00000521188.1,exon2,558,285,308,1,"23,","0,","285,",0.08,Non-essential
23,0,0,0,0,0,0,0,-,gL_029478,Hum_XLOC_048737,23,0,23,ENSG00000253844.2,ENST00000521188.1,exon2,558,286,309,1,"23,","0,","286,",0.08,Non-essential
23,0,0,0,0,0,0,0,-,gL_029516,Hum_XLOC_048784,23,0,23,ENSG00000253871.2,ENST00000669544.1,exon2,369,164,187,1,"23,","0,","164,",0.032,Non-essential
23,0,0,0,0,0,0,0,-,gL_029613,Hum_XLOC_048941,23,0,23,ENSG00000285744.1,ENST00000649603.1,exon2,150,55,78,1,"23,","0,","55,",1.0,Non-essential
23,0,0,0,0,0,0,0,-,gL_029615,Hum_XLOC_048941,23,0,23,ENSG00000285744.1,ENST00000649603.1,exon2,150,65,88,1,"23,","0,","65,",1.0,Non-essential
23,0,0,0,0,0,0,0,-,gL_029656,Hum_XLOC_048988,23,0,23,ENSG00000253154.4,ENST00000648211.1,exon2,289,175,198,1,"23,","0,","175,",0.0,Non-essential
23,0,0,0,0,0,0,0,-,gL_029866,Hum_XLOC_049275,23,0,23,ENSG00000249859.14,ENST00000667305.1,exon2,409,275,298,1,"23,","0,","275,",1.0,Partially shared
23,0,0,0,0,0,0,0,-,gL_030060,Hum_XLOC_049571,23,0,23,ENSG00000255020.1,ENST00000525867.1,exon2,892,330,353,1,"23,","0,","330,",0.736,Cell-type specific
23,0,0,0,0,0,0,0,-,gL_030061,Hum_XLOC_049571,23,0,23,ENSG00000255020.1,ENST00000525867.1,exon2,892,549,572,1,"23,","0,","549,",0.736,Cell-type specific
23,0,0,0,0,0,0,0,+,gL_030098,Hum_XLOC_049692,23,0,23,ENSG00000287166.1,ENST00000668387.1,exon2,1328,252,275,1,"23,","0,","252,",0.04,Non-essential
23,0,0,0,0,0,0,0,-,gL_030122,Hum_XLOC_049714,23,0,23,ENSG00000285890.1,ENST00000649347.1,exon2,135,43,66,1,"23,","0,","43,",0.032,Non-essential
23,0,0,0,0,0,0,0,-,gL_030218,Hum_XLOC_049832,23,0,23,ENSG00000253361.3,ENST00000659341.1,exon2,570,132,155,1,"23,","0,","132,",0.072,Non-essential
23,0,0,0,0,0,0,0,-,gL_030473,Hum_XLOC_050280,23,0,23,ENSG00000253679.1,ENST00000523121.1,exon2,841,748,771,1,"23,","0,","748,",0.008,Non-essential
23,0,0,0,0,0,0,0,-,gL_030517,Hum_XLOC_050385,23,0,23,ENSG00000253972.6,ENST00000655158.1,exon2,934,209,232,1,"23,","0,","209,",0.408,Non-essential
23,0,0,0,0,0,0,0,-,gL_030702,Hum_XLOC_050712,23,0,23,ENSG00000225472.2,ENST00000671131.1,exon2,1338,1165,1188,1,"23,","0,","1165,",0.584,Non-essential
23,0,0,0,0,0,0,0,-,gL_030770,Hum_XLOC_050838,23,0,23,ENSG00000230729.1,ENST00000439960.1,exon2,273,186,209,1,"23,","0,","186,",0.4,Non-essential
23,0,0,0,0,0,0,0,-,gL_030999,Hum_XLOC_051171,23,0,23,ENSG00000290883.1,ENST00000646412.1,exon2,389,231,254,1,"23,","0,","231,",0.096,Non-essential
23,0,0,0,0,0,0,0,-,gL_031143,Hum_XLOC_051422,23,0,23,ENSG00000227482.1,ENST00000428292.1,exon2,949,858,881,1,"23,","0,","858,",0.112,Non-essential
23,0,0,0,0,0,0,0,-,gL_031696,Hum_XLOC_052411,23,0,23,ENSG00000230262.9,ENST00000710613.1,exon2,1237,957,980,1,"23,","0,","957,",0.352,Non-essential
23,0,0,0,0,0,0,0,-,gL_031853,Hum_XLOC_052669,23,0,23,ENSG00000286718.2,ENST00000656036.2,exon2,396,209,232,1,"23,","0,","209,",0.92,Non-essential
23,0,0,0,0,0,0,0,-,gL_031915,Hum_XLOC_052746,23,0,23,ENSG00000228395.3,ENST00000434999.3,exon2,128,21,44,1,"23,","0,","21,",0.248,Non-essential
23,0,0,0,0,0,0,0,-,gL_031916,Hum_XLOC_052746,23,0,23,ENSG00000228395.3,ENST00000434999.3,exon2,128,98,121,1,"23,","0,","98,",0.248,Non-essential
23,0,0,0,0,0,0,0,-,gL_031918,Hum_XLOC_052748,23,0,23,ENSG00000234705.3,ENST00000652876.3,exon2,271,88,111,1,"23,","0,","88,",0.816,Non-essential
23,0,0,0,0,0,0,0,-,gL_032152,Hum_XLOC_053161,23,0,23,ENSG00000287757.3,ENST00000668079.2,exon2,966,549,572,1,"23,","0,","549,",0.672,Non-essential
23,0,0,0,0,0,0,0,-,gL_032311,Hum_XLOC_053546,23,0,23,ENSG00000284994.1,ENST00000644293.1,exon2,369,285,308,1,"23,","0,","285,",0.584,Non-essential
23,0,0,0,0,0,0,0,-,gL_032333,Hum_XLOC_053572,23,0,23,ENSG00000231110.1,ENST00000458577.1,exon2,391,98,121,1,"23,","0,","98,",0.136,Non-essential
23,0,0,0,0,0,0,0,-,gL_032350,Hum_XLOC_053593,23,0,23,ENSG00000289591.2,ENST00000700836.1,exon2,919,241,264,1,"23,","0,","241,",0.136,Non-essential
23,0,0,0,0,0,0,0,-,gL_032354,Hum_XLOC_053593,23,0,23,ENSG00000289591.2,ENST00000700836.1,exon2,919,594,617,1,"23,","0,","594,",0.136,Non-essential
23,0,0,0,0,0,0,0,-,gL_032400,Hum_XLOC_053739,23,0,23,ENSG00000235385.3,ENST00000670053.2,exon2,1294,967,990,1,"23,","0,","967,",0.176,Non-essential
23,0,0,0,0,0,0,0,-,gL_032405,Hum_XLOC_053831,23,0,23,ENSG00000238123.1,ENST00000436893.1,exon2,224,187,210,1,"23,","0,","187,",0.824,Non-essential
23,0,0,0,0,0,0,0,-,gL_032413,Hum_XLOC_053856,23,0,23,ENSG00000270069.4,ENST00000602461.1,exon2,889,11,34,1,"23,","0,","11,",0.976,Partially shared
23,0,0,0,0,0,0,0,-,gL_032551,Hum_XLOC_054068,23,0,23,ENSG00000289575.1,ENST00000691872.1,exon2,284,0,23,1,"23,","0,","0,",0.264,Non-essential
23,0,0,0,0,0,0,0,-,gL_032645,Hum_XLOC_054223,23,0,23,ENSG00000232412.1,ENST00000426367.1,exon2,172,99,122,1,"23,","0,","99,",0.968,Cell-type specific
23,0,0,0,0,0,0,0,-,gL_032668,Hum_XLOC_054303,23,0,23,ENSG00000233145.1,ENST00000417426.1,exon2,391,307,330,1,"23,","0,","307,",0.16,Non-essential
23,0,0,0,0,0,0,0,-,gL_032668,Hum_XLOC_054303,23,0,23,ENSG00000231110.1,ENST00000458577.1,exon2,391,308,331,1,"23,","0,","308,",0.136,Non-essential
23,0,0,0,0,0,0,0,-,gL_032672,Hum_XLOC_054305,23,0,23,ENSG00000230668.2,ENST00000455153.1,exon2,197,87,110,1,"23,","0,","87,",0.024,Non-essential
23,0,0,0,0,0,0,0,-,gL_032698,Hum_XLOC_054375,23,0,23,ENSG00000197180.4,ENST00000360656.4,exon2,247,175,198,1,"23,","0,","175,",0.816,Non-essential
23,0,0,0,0,0,0,0,-,gL_032801,Hum_XLOC_000057,23,0,23,ENSG00000234396.3,ENST00000442483.2,exon2,203,164,187,1,"23,","0,","164,",0.528,Non-essential
23,0,0,0,0,0,0,0,-,gL_032853,Hum_XLOC_000233,23,0,23,ENSG00000227959.2,ENST00000424774.2,exon2,1177,275,298,1,"23,","0,","275,",0.96,Non-essential
23,0,0,0,0,0,0,0,-,gL_032865,Hum_XLOC_000247,23,0,23,ENSG00000279151.1,ENST00000624517.1,exon2,119,33,56,1,"23,","0,","33,",0.552,Non-essential
23,0,0,0,0,0,0,0,-,gL_033319,Hum_XLOC_001760,23,0,23,ENSG00000224702.1,ENST00000457106.1,exon2,248,98,121,1,"23,","0,","98,",0.144,Non-essential
23,0,0,0,0,0,0,0,-,gL_033320,Hum_XLOC_001761,23,0,23,ENSG00000238022.2,ENST00000668780.1,exon2,454,341,364,1,"23,","0,","341,",0.192,Non-essential
23,0,0,0,0,0,0,0,-,gL_033580,Hum_XLOC_002517,23,0,23,ENSG00000230368.2,ENST00000446136.1,exon2,1043,1001,1024,1,"23,","0,","1001,",0.368,Non-essential
23,0,0,0,0,0,0,0,-,gL_033761,Hum_XLOC_003268,23,0,23,ENSG00000226938.1,ENST00000429099.1,exon2,142,21,44,1,"23,","0,","21,",0.072,Non-essential
23,0,0,0,0,0,0,0,-,gL_033806,Hum_XLOC_003408,23,0,23,ENSG00000225087.2,ENST00000668734.1,exon2,110,55,78,1,"23,","0,","55,",0.088,Non-essential
23,0,0,0,0,0,0,0,-,gL_033936,Hum_XLOC_003853,23,0,23,ENSG00000278811.4,ENST00000619867.4,exon2,155,120,143,1,"23,","0,","120,",0.688,Non-essential
23,0,0,0,0,0,0,0,-,gL_034006,Hum_XLOC_004177,23,0,23,ENSG00000234142.2,ENST00000662326.1,exon2,88,55,78,1,"23,","0,","55,",0.344,Non-essential
23,0,0,0,0,0,0,0,-,gL_034031,Hum_XLOC_004269,23,0,23,ENSG00000227740.2,ENST00000426575.2,exon2,223,132,155,1,"23,","0,","132,",0.12,Non-essential
23,0,0,0,0,0,0,0,-,gL_034114,Hum_XLOC_004553,23,0,23,ENSG00000237605.3,ENST00000688109.1,exon2,799,253,276,1,"23,","0,","253,",0.76,Non-essential
23,0,0,0,0,0,0,0,-,gL_034142,Hum_XLOC_004607,23,0,23,ENSG00000228792.3,ENST00000452024.3,exon2,580,286,309,1,"23,","0,","286,",0.072,Non-essential
23,0,0,0,0,0,0,0,-,gL_034175,Hum_XLOC_004684,23,0,23,ENSG00000286421.1,ENST00000669070.1,exon2,878,165,188,1,"23,","0,","165,",0.168,Non-essential
23,0,0,0,0,0,0,0,-,gL_034191,Hum_XLOC_004710,23,0,23,ENSG00000280279.1,ENST00000623180.1,exon2,190,165,188,1,"23,","0,","165,",0.376,Non-essential
23,0,0,0,0,0,0,0,-,gL_034306,Hum_XLOC_005067,23,0,23,ENSG00000285845.1,ENST00000650205.1,exon2,182,131,154,1,"23,","0,","131,",0.528,Non-essential
23,0,0,0,0,0,0,0,-,gL_034306,Hum_XLOC_005067,23,0,23,ENSG00000238266.3,ENST00000648093.1,exon2,182,131,154,1,"23,","0,","131,",0.52,Non-essential
23,0,0,0,0,0,0,0,+,gL_034310,Hum_XLOC_005083,23,0,23,ENSG00000289897.1,ENST00000701444.1,exon2,463,55,78,1,"23,","0,","55,",0.216,Non-essential
23,0,0,0,0,0,0,0,+,gL_034363,Hum_XLOC_005338,23,0,23,ENSG00000288893.1,ENST00000684845.1,exon2,282,143,166,1,"23,","0,","143,",0.04,Non-essential
23,0,0,0,0,0,0,0,-,gL_034401,Hum_XLOC_005499,23,0,23,ENSG00000237949.3,ENST00000660389.1,exon2,120,43,66,1,"23,","0,","43,",0.464,Non-essential
23,0,0,0,0,0,0,0,-,gL_034407,Hum_XLOC_005513,23,0,23,ENSG00000289989.1,ENST00000702351.1,exon2,247,11,34,1,"23,","0,","11,",0.832,Non-essential
23,0,0,0,0,0,0,0,-,gL_034409,Hum_XLOC_005513,23,0,23,ENSG00000289989.1,ENST00000702351.1,exon2,247,121,144,1,"23,","0,","121,",0.832,Non-essential
23,0,0,0,0,0,0,0,-,gL_034479,Hum_XLOC_005708,23,0,23,ENSG00000231082.1,ENST00000436500.1,exon2,242,164,187,1,"23,","0,","164,",0.176,Non-essential
23,0,0,0,0,0,0,0,-,gL_034491,Hum_XLOC_005803,23,0,23,ENSG00000224851.2,ENST00000423621.2,exon2,193,109,132,1,"23,","0,","109,",0.224,Non-essential
23,0,0,0,0,0,0,0,-,gL_034558,Hum_XLOC_006051,23,0,23,ENSG00000231104.8,ENST00000451610.6,exon2,534,241,264,1,"23,","0,","241,",0.76,Non-essential
23,0,0,0,0,0,0,0,-,gL_034573,Hum_XLOC_006081,23,0,23,ENSG00000293468.1,ENST00000690838.1,exon2,801,395,418,1,"23,","0,","395,",0.672,Non-essential
23,0,0,0,0,0,0,0,-,gL_034635,Hum_XLOC_006274,23,0,23,ENSG00000226762.5,ENST00000669318.1,exon2,92,43,66,1,"23,","0,","43,",0.0,Non-essential
23,0,0,0,0,0,0,0,-,gL_034677,Hum_XLOC_006370,23,0,23,ENSG00000237986.4,ENST00000661681.1,exon2,124,11,34,1,"23,","0,","11,",0.84,Non-essential
23,0,0,0,0,0,0,0,-,gL_034692,Hum_XLOC_006427,23,0,23,ENSG00000229124.8,ENST00000664157.3,exon2,1125,263,286,1,"23,","0,","263,",0.216,Non-essential
23,0,0,0,0,0,0,0,-,gL_034694,Hum_XLOC_006427,23,0,23,ENSG00000229124.8,ENST00000664157.3,exon2,1125,857,880,1,"23,","0,","857,",0.216,Non-essential
23,0,0,0,0,0,0,0,-,gL_034706,Hum_XLOC_006482,23,0,23,ENSG00000226304.1,ENST00000452911.1,exon2,195,121,144,1,"23,","0,","121,",0.176,Non-essential
23,0,0,0,0,0,0,0,-,gL_034714,Hum_XLOC_006491,23,0,23,ENSG00000290706.1,ENST00000638416.1,exon2,356,186,209,1,"23,","0,","186,",0.048,Non-essential
23,0,0,0,0,0,0,0,-,gL_034768,Hum_XLOC_006631,23,0,23,ENSG00000229116.3,ENST00000624407.2,exon2,139,110,133,1,"23,","0,","110,",0.16,Non-essential
23,0,0,0,0,0,0,0,-,gL_034846,Hum_XLOC_006931,23,0,23,ENSG00000224596.9,ENST00000428862.5,exon2,211,143,166,1,"23,","0,","143,",0.08,Non-essential
23,0,0,0,0,0,0,0,-,gL_034858,Hum_XLOC_006963,23,0,23,ENSG00000225738.2,ENST00000502725.1,exon2,154,98,121,1,"23,","0,","98,",0.408,Non-essential
23,0,0,0,0,0,0,0,-,gL_034916,Hum_XLOC_007170,23,0,23,ENSG00000226387.2,ENST00000449805.2,exon2,525,461,484,1,"23,","0,","461,",0.648,Non-essential
23,0,0,0,0,0,0,0,-,gL_034974,Hum_XLOC_007362,23,0,23,ENSG00000234640.1,ENST00000454492.1,exon2,92,43,66,1,"23,","0,","43,",0.048,Non-essential
23,0,0,0,0,0,0,0,-,gL_035019,Hum_XLOC_007526,23,0,23,ENSG00000287312.1,ENST00000656923.1,exon2,171,11,34,1,"23,","0,","11,",0.328,Cell-type specific
23,0,0,0,0,0,0,0,-,gL_035067,Hum_XLOC_007625,23,0,23,ENSG00000286521.1,ENST00000656758.1,exon2,137,0,23,1,"23,","0,","0,",0.048,Non-essential
23,0,0,0,0,0,0,0,-,gL_035127,Hum_XLOC_007846,23,0,23,ENSG00000254514.1,ENST00000525926.1,exon2,358,319,342,1,"23,","0,","319,",0.064,Non-essential
23,0,0,0,0,0,0,0,-,gL_035352,Hum_XLOC_008639,23,0,23,ENSG00000286731.1,ENST00000652852.1,exon2,922,352,375,1,"23,","0,","352,",0.232,Non-essential
23,0,0,0,0,0,0,0,-,gL_035426,Hum_XLOC_008854,23,0,23,ENSG00000293274.1,ENST00000602923.2,exon2,1037,76,99,1,"23,","0,","76,",0.088,Non-essential
23,0,0,0,0,0,0,0,-,gL_035439,Hum_XLOC_008885,23,0,23,ENSG00000228661.1,ENST00000415809.1,exon2,340,88,111,1,"23,","0,","88,",0.96,Non-essential
23,0,0,0,0,0,0,0,-,gL_035471,Hum_XLOC_009029,23,0,23,ENSG00000255335.2,ENST00000670639.1,exon2,434,385,408,1,"23,","0,","385,",0.152,Non-essential
23,0,0,0,0,0,0,0,-,gL_035646,Hum_XLOC_009633,23,0,23,ENSG00000251323.3,ENST00000513207.2,exon2,221,187,210,1,"23,","0,","187,",0.456,Non-essential
23,0,0,0,0,0,0,0,-,gL_035655,Hum_XLOC_009678,23,0,23,ENSG00000255183.1,ENST00000532606.1,exon2,172,88,111,1,"23,","0,","88,",0.016,Non-essential
23,0,0,0,0,0,0,0,-,gL_035678,Hum_XLOC_009777,23,0,23,ENSG00000291173.1,ENST00000532510.5,exon2,110,43,66,1,"23,","0,","43,",0.464,Non-essential
23,0,0,0,0,0,0,0,-,gL_035750,Hum_XLOC_010035,23,0,23,ENSG00000254703.4,ENST00000685905.2,exon2,457,11,34,1,"23,","0,","11,",0.92,Non-essential
23,0,0,0,0,0,0,0,-,gL_035892,Hum_XLOC_010464,23,0,23,ENSG00000257718.1,ENST00000551152.1,exon2,282,65,88,1,"23,","0,","65,",0.296,Non-essential
23,0,0,0,0,0,0,0,-,gL_036067,Hum_XLOC_010971,23,0,23,ENSG00000257787.2,ENST00000661184.1,exon2,167,10,33,1,"23,","0,","10,",0.024,Non-essential
23,0,0,0,0,0,0,0,-,gL_036072,Hum_XLOC_010985,23,0,23,ENSG00000245904.6,ENST00000501008.2,exon2,265,143,166,1,"23,","0,","143,",0.976,Non-essential
23,0,0,0,0,0,0,0,-,gL_036094,Hum_XLOC_011041,23,0,23,ENSG00000286056.1,ENST00000650941.1,exon2,1262,583,606,1,"23,","0,","583,",0.056,Non-essential
22,0,0,0,0,0,0,0,-,gL_036165,Hum_XLOC_011234,23,0,22,ENSG00000258254.1,ENST00000547819.1,exon2,114,0,22,1,"22,","1,","0,",0.112,Non-essential
23,0,0,0,0,0,0,0,-,gL_036234,Hum_XLOC_011445,23,0,23,ENSG00000256906.1,ENST00000535487.1,exon2,398,131,154,1,"23,","0,","131,",0.016,Non-essential
23,0,0,0,0,0,0,0,-,gL_036252,Hum_XLOC_011524,23,0,23,ENSG00000289832.1,ENST00000700819.1,exon2,171,66,89,1,"23,","0,","66,",0.304,Non-essential
23,0,0,0,0,0,0,0,-,gL_036268,Hum_XLOC_011565,23,0,23,ENSG00000255920.4,ENST00000656828.1,exon2,1212,153,176,1,"23,","0,","153,",1.0,Non-essential
23,0,0,0,0,0,0,0,-,gL_036421,Hum_XLOC_012203,23,0,23,ENSG00000287618.1,ENST00000658485.1,exon2,228,142,165,1,"23,","0,","142,",0.2,Non-essential
23,0,0,0,0,0,0,0,-,gL_036422,Hum_XLOC_012203,23,0,23,ENSG00000287618.1,ENST00000658485.1,exon2,228,44,67,1,"23,","0,","44,",0.2,Non-essential
23,0,0,0,0,0,0,0,-,gL_036448,Hum_XLOC_012326,23,0,23,ENSG00000258220.1,ENST00000548512.1,exon2,696,319,342,1,"23,","0,","319,",0.128,Non-essential
23,0,0,0,0,0,0,0,-,gL_036528,Hum_XLOC_012675,23,0,23,ENSG00000256750.2,ENST00000655557.1,exon2,814,483,506,1,"23,","0,","483,",0.136,Non-essential
23,0,0,0,0,0,0,0,-,gL_036592,Hum_XLOC_012806,23,0,23,ENSG00000256551.2,ENST00000658069.1,exon2,139,98,121,1,"23,","0,","98,",0.176,Non-essential
23,0,0,0,0,0,0,0,-,gL_036619,Hum_XLOC_012889,23,0,23,ENSG00000232685.5,ENST00000456737.2,exon2,169,143,166,1,"23,","0,","143,",0.016,Non-essential
23,0,0,0,0,0,0,0,-,gL_036667,Hum_XLOC_013046,23,0,23,ENSG00000288767.2,ENST00000686128.2,exon2,308,32,55,1,"23,","0,","32,",0.368,Non-essential
23,0,0,0,0,0,0,0,-,gL_036668,Hum_XLOC_013046,23,0,23,ENSG00000288767.2,ENST00000686128.2,exon2,308,252,275,1,"23,","0,","252,",0.368,Non-essential
23,0,0,0,0,0,0,0,-,gL_036840,Hum_XLOC_013521,23,0,23,ENSG00000286929.1,ENST00000652772.1,exon2,188,0,23,1,"23,","0,","0,",0.192,Non-essential
23,0,0,0,0,0,0,0,-,gL_037068,Hum_XLOC_014261,23,0,23,ENSG00000275830.4,ENST00000614099.1,exon2,201,32,55,1,"23,","0,","32,",0.152,Non-essential
23,0,0,0,0,0,0,0,-,gL_037079,Hum_XLOC_014280,23,0,23,ENSG00000285856.1,ENST00000650324.1,exon2,509,142,165,1,"23,","0,","142,",0.432,Non-essential
23,0,0,0,0,0,0,0,-,gL_037207,Hum_XLOC_014585,23,0,23,ENSG00000258857.1,ENST00000556713.1,exon2,126,87,110,1,"23,","0,","87,",0.704,Non-essential
23,0,0,0,0,0,0,0,-,gL_037297,Hum_XLOC_014916,23,0,23,ENSG00000259107.2,ENST00000667555.1,exon2,621,76,99,1,"23,","0,","76,",0.008,Non-essential
23,0,0,0,0,0,0,0,-,gL_037444,Hum_XLOC_015313,23,0,23,ENSG00000257748.2,ENST00000653605.1,exon2,91,32,55,1,"23,","0,","32,",0.024,Non-essential
23,0,0,0,0,0,0,0,-,gL_037649,Hum_XLOC_015932,23,0,23,ENSG00000258982.1,ENST00000554537.1,exon2,245,33,56,1,"23,","0,","33,",0.696,Non-essential
23,0,0,0,0,0,0,0,-,gL_037657,Hum_XLOC_015953,23,0,23,ENSG00000259023.3,ENST00000665068.1,exon2,243,11,34,1,"23,","0,","11,",0.032,Non-essential
23,0,0,0,0,0,0,0,-,gL_037670,Hum_XLOC_015975,23,0,23,ENSG00000259717.1,ENST00000558224.1,exon2,184,10,33,1,"23,","0,","10,",0.568,Non-essential
23,0,0,0,0,0,0,0,-,gL_037792,Hum_XLOC_016263,23,0,23,ENSG00000248508.10,ENST00000559012.2,exon2,108,33,56,1,"23,","0,","33,",0.848,Non-essential
23,0,0,0,0,0,0,0,-,gL_037853,Hum_XLOC_016472,23,0,23,ENSG00000245534.7,ENST00000501579.7,exon2,125,54,77,1,"23,","0,","54,",0.424,Non-essential
23,0,0,0,0,0,0,0,-,gL_037857,Hum_XLOC_016475,23,0,23,ENSG00000259482.2,ENST00000663342.1,exon2,521,77,100,1,"23,","0,","77,",0.416,Non-essential
23,0,0,0,0,0,0,0,-,gL_037947,Hum_XLOC_016768,23,0,23,ENSG00000259774.1,ENST00000559866.1,exon2,987,21,44,1,"23,","0,","21,",0.312,Non-essential
23,0,0,0,0,0,0,0,-,gL_038008,Hum_XLOC_016930,23,0,23,ENSG00000232386.9,ENST00000557962.1,exon2,237,154,177,1,"23,","0,","154,",0.28,Non-essential
23,0,0,0,0,0,0,0,-,gL_038017,Hum_XLOC_016948,23,0,23,ENSG00000258410.1,ENST00000553658.1,exon2,170,22,45,1,"23,","0,","22,",0.072,Non-essential
23,0,0,0,0,0,0,0,-,gL_038062,Hum_XLOC_017081,23,0,23,ENSG00000259721.1,ENST00000560363.1,exon2,263,22,45,1,"23,","0,","22,",0.744,Non-essential
23,0,0,0,0,0,0,0,-,gL_038228,Hum_XLOC_017680,23,0,23,ENSG00000275120.3,ENST00000618330.3,exon2,979,10,33,1,"23,","0,","10,",0.904,Non-essential
23,0,0,0,0,0,0,0,-,gL_038256,Hum_XLOC_017749,23,0,23,ENSG00000259212.1,ENST00000558389.1,exon2,360,120,143,1,"23,","0,","120,",0.552,Non-essential
23,0,0,0,0,0,0,0,-,gL_038306,Hum_XLOC_017879,23,0,23,ENSG00000185203.12,ENST00000399966.9,exon2,877,10,33,1,"23,","0,","10,",0.6,Non-essential
23,0,0,0,0,0,0,0,-,gL_038431,Hum_XLOC_018397,23,0,23,ENSG00000261173.2,ENST00000562536.2,exon2,378,329,352,1,"23,","0,","329,",0.96,Non-essential
23,0,0,0,0,0,0,0,-,gL_038452,Hum_XLOC_018443,23,0,23,ENSG00000261637.3,ENST00000568607.3,exon2,251,198,221,1,"23,","0,","198,",0.04,Non-essential
23,0,0,0,0,0,0,0,-,gL_038518,Hum_XLOC_018666,23,0,23,ENSG00000261260.2,ENST00000666391.1,exon2,212,142,165,1,"23,","0,","142,",1.0,Non-essential
23,0,0,0,0,0,0,0,-,gL_038637,Hum_XLOC_019068,23,0,23,ENSG00000260338.2,ENST00000662976.1,exon2,164,120,143,1,"23,","0,","120,",0.36,Non-essential
23,0,0,0,0,0,0,0,-,gL_038678,Hum_XLOC_019187,23,0,23,ENSG00000259929.5,ENST00000569048.5,exon2,106,44,67,1,"23,","0,","44,",0.208,Non-essential
23,0,0,0,0,0,0,0,-,gL_038792,Hum_XLOC_019531,23,0,23,ENSG00000245694.12,ENST00000635991.1,exon2,174,21,44,1,"23,","0,","21,",0.056,Non-essential
23,0,0,0,0,0,0,0,-,gL_038859,Hum_XLOC_019820,23,0,23,ENSG00000261285.7,ENST00000650164.1,exon2,241,87,110,1,"23,","0,","87,",0.0,Non-essential
23,0,0,0,0,0,0,0,-,gL_038961,Hum_XLOC_020129,23,0,23,ENSG00000266389.1,ENST00000585297.1,exon2,303,65,88,1,"23,","0,","65,",0.168,Non-essential
23,0,0,0,0,0,0,0,-,gL_038966,Hum_XLOC_020146,23,0,23,ENSG00000263400.8,ENST00000581366.5,exon2,327,76,99,1,"23,","0,","76,",0.632,Non-essential
23,0,0,0,0,0,0,0,-,gL_039038,Hum_XLOC_020401,23,0,23,ENSG00000236377.2,ENST00000704359.1,exon2,335,44,67,1,"23,","0,","44,",0.016,Non-essential
23,0,0,0,0,0,0,0,-,gL_039118,Hum_XLOC_020684,23,0,23,ENSG00000289599.2,ENST00000688651.2,exon2,154,21,44,1,"23,","0,","21,",0.08,Non-essential
23,0,0,0,0,0,0,0,-,gL_039340,Hum_XLOC_021343,23,0,23,ENSG00000178977.4,ENST00000315707.4,exon2,981,682,705,1,"23,","0,","682,",0.216,Non-essential
23,0,0,0,0,0,0,0,-,gL_039562,Hum_XLOC_022016,23,0,23,ENSG00000263004.3,ENST00000656535.1,exon2,123,76,99,1,"23,","0,","76,",0.56,Non-essential
23,0,0,0,0,0,0,0,+,gL_039570,Hum_XLOC_022057,23,0,23,ENSG00000267416.2,ENST00000589740.1,exon2,534,187,210,1,"23,","0,","187,",0.768,Non-essential
23,0,0,0,0,0,0,0,-,gL_039612,Hum_XLOC_022149,23,0,23,ENSG00000267250.1,ENST00000591379.1,exon2,155,77,100,1,"23,","0,","77,",0.128,Non-essential
23,0,0,0,0,0,0,0,-,gL_039613,Hum_XLOC_022149,23,0,23,ENSG00000267250.1,ENST00000591379.1,exon2,155,120,143,1,"23,","0,","120,",0.128,Non-essential
23,0,0,0,0,0,0,0,-,gL_039816,Hum_XLOC_022823,23,0,23,ENSG00000267391.7,ENST00000667453.3,exon2,231,87,110,1,"23,","0,","87,",0.648,Non-essential
23,0,0,0,0,0,0,0,-,gL_039866,Hum_XLOC_023014,23,0,23,ENSG00000286975.1,ENST00000659469.1,exon2,387,65,88,1,"23,","0,","65,",0.08,Non-essential
23,0,0,0,0,0,0,0,-,gL_039867,Hum_XLOC_023014,23,0,23,ENSG00000286975.1,ENST00000659469.1,exon2,387,54,77,1,"23,","0,","54,",0.08,Non-essential
23,0,0,0,0,0,0,0,-,gL_039900,Hum_XLOC_023079,23,0,23,ENSG00000293190.1,ENST00000592801.5,exon2,95,10,33,1,"23,","0,","10,",0.2,Non-essential
23,0,0,0,0,0,0,0,-,gL_040124,Hum_XLOC_023731,23,0,23,ENSG00000267484.1,ENST00000591657.1,exon2,431,54,77,1,"23,","0,","54,",0.664,Non-essential
23,0,0,0,0,0,0,0,-,gL_040128,Hum_XLOC_023744,23,0,23,ENSG00000266983.3,ENST00000692109.2,exon2,227,131,154,1,"23,","0,","131,",0.52,Non-essential
23,0,0,0,0,0,0,0,-,gL_040254,Hum_XLOC_024123,23,0,23,ENSG00000267575.9,ENST00000585917.6,exon2,422,132,155,1,"23,","0,","132,",0.968,Cell-type specific
23,0,0,0,0,0,0,0,-,gL_040255,Hum_XLOC_024123,23,0,23,ENSG00000267575.9,ENST00000585917.6,exon2,422,11,34,1,"23,","0,","11,",0.968,Cell-type specific
23,0,0,0,0,0,0,0,-,gL_040434,Hum_XLOC_024614,23,0,23,ENSG00000268095.1,ENST00000600329.1,exon2,135,55,78,1,"23,","0,","55,",0.2,Non-essential
22,0,0,0,0,0,0,0,-,gL_040555,Hum_XLOC_025182,23,0,22,ENSG00000267458.1,ENST00000589120.1,exon2,105,0,22,1,"22,","1,","0,",0.952,Non-essential
23,0,0,0,0,0,0,0,-,gL_040584,Hum_XLOC_025331,23,0,23,ENSG00000286080.2,ENST00000651161.1,exon2,530,187,210,1,"23,","0,","187,",0.128,Non-essential
23,0,0,0,0,0,0,0,-,gL_040623,Hum_XLOC_025402,23,0,23,ENSG00000269289.6,ENST00000596326.5,exon2,266,198,221,1,"23,","0,","198,",0.288,Non-essential
23,0,0,0,0,0,0,0,-,gL_040867,Hum_XLOC_026198,23,0,23,ENSG00000229740.3,ENST00000663038.1,exon2,1025,726,749,1,"23,","0,","726,",0.072,Non-essential
23,0,0,0,0,0,0,0,-,gL_040890,Hum_XLOC_026250,23,0,23,ENSG00000224184.7,ENST00000429878.2,exon2,167,33,56,1,"23,","0,","33,",0.024,Non-essential
23,0,0,0,0,0,0,0,-,gL_040891,Hum_XLOC_026250,23,0,23,ENSG00000224184.7,ENST00000429878.2,exon2,167,0,23,1,"23,","0,","0,",0.024,Non-essential
23,0,0,0,0,0,0,0,-,gL_040905,Hum_XLOC_026281,23,0,23,ENSG00000223536.7,ENST00000423925.6,exon2,495,429,452,1,"23,","0,","429,",0.048,Non-essential
23,0,0,0,0,0,0,0,-,gL_040910,Hum_XLOC_026304,23,0,23,ENSG00000235911.1,ENST00000432822.1,exon2,314,54,77,1,"23,","0,","54,",0.12,Non-essential
23,0,0,0,0,0,0,0,-,gL_040961,Hum_XLOC_026427,23,0,23,ENSG00000289727.1,ENST00000697331.1,exon2,293,10,33,1,"23,","0,","10,",0.032,Non-essential
23,0,0,0,0,0,0,0,-,gL_040962,Hum_XLOC_026427,23,0,23,ENSG00000289727.1,ENST00000697331.1,exon2,293,120,143,1,"23,","0,","120,",0.032,Non-essential
23,0,0,0,0,0,0,0,-,gL_040998,Hum_XLOC_026587,23,0,23,ENSG00000283058.1,ENST00000634985.1,exon2,106,65,88,1,"23,","0,","65,",0.336,Non-essential
23,0,0,0,0,0,0,0,-,gL_041137,Hum_XLOC_027047,23,0,23,ENSG00000235597.3,ENST00000658921.1,exon2,437,176,199,1,"23,","0,","176,",0.2,Non-essential
23,0,0,0,0,0,0,0,-,gL_041169,Hum_XLOC_027148,23,0,23,ENSG00000234199.3,ENST00000663402.1,exon2,283,99,122,1,"23,","0,","99,",0.024,Cell-type specific
23,0,0,0,0,0,0,0,-,gL_041297,Hum_XLOC_027564,23,0,23,ENSG00000231453.1,ENST00000420866.1,exon2,379,44,67,1,"23,","0,","44,",0.8,Non-essential
23,0,0,0,0,0,0,0,-,gL_041299,Hum_XLOC_027564,23,0,23,ENSG00000231453.1,ENST00000420866.1,exon2,379,54,77,1,"23,","0,","54,",0.8,Non-essential
23,0,0,0,0,0,0,0,-,gL_041365,Hum_XLOC_027761,23,0,23,ENSG00000231621.3,ENST00000449346.3,exon2,358,55,78,1,"23,","0,","55,",0.936,Non-essential
23,0,0,0,0,0,0,0,-,gL_041391,Hum_XLOC_027890,23,0,23,ENSG00000234308.3,ENST00000656101.1,exon2,327,121,144,1,"23,","0,","121,",0.032,Non-essential
23,0,0,0,0,0,0,0,-,gL_041438,Hum_XLOC_028080,23,0,23,ENSG00000224376.3,ENST00000415129.3,exon2,429,175,198,1,"23,","0,","175,",0.312,Non-essential
23,0,0,0,0,0,0,0,-,gL_041449,Hum_XLOC_028139,23,0,23,ENSG00000235293.1,ENST00000449362.1,exon2,492,77,100,1,"23,","0,","77,",0.072,Non-essential
23,0,0,0,0,0,0,0,-,gL_041531,Hum_XLOC_028337,23,0,23,ENSG00000236790.7,ENST00000667380.1,exon2,184,99,122,1,"23,","0,","99,",0.248,Non-essential
23,0,0,0,0,0,0,0,-,gL_041712,Hum_XLOC_028944,23,0,23,ENSG00000287435.1,ENST00000661452.1,exon2,270,153,176,1,"23,","0,","153,",0.024,Non-essential
23,0,0,0,0,0,0,0,-,gL_041871,Hum_XLOC_029459,23,0,23,ENSG00000231238.2,ENST00000652806.1,exon2,101,76,99,1,"23,","0,","76,",0.168,Non-essential
23,0,0,0,0,0,0,0,-,gL_041985,Hum_XLOC_029838,23,0,23,ENSG00000227227.1,ENST00000453665.1,exon2,87,10,33,1,"23,","0,","10,",0.96,Non-essential
23,0,0,0,0,0,0,0,-,gL_042166,Hum_XLOC_030399,23,0,23,ENSG00000230176.3,ENST00000658198.1,exon2,96,44,67,1,"23,","0,","44,",0.088,Non-essential
23,0,0,0,0,0,0,0,-,gL_042173,Hum_XLOC_030434,23,0,23,ENSG00000229766.7,ENST00000671251.1,exon2,210,175,198,1,"23,","0,","175,",0.144,Non-essential
23,0,0,0,0,0,0,0,-,gL_042278,Hum_XLOC_030849,23,0,23,ENSG00000177410.13,ENST00000417721.5,exon2,104,11,34,1,"23,","0,","11,",0.952,Shared
23,0,0,0,0,0,0,0,-,gL_042322,Hum_XLOC_030951,23,0,23,ENSG00000254620.1,ENST00000525424.1,exon2,376,11,34,1,"23,","0,","11,",0.12,Non-essential
23,0,0,0,0,0,0,0,-,gL_042340,Hum_XLOC_031005,23,0,23,ENSG00000233017.3,ENST00000615180.1,exon2,243,22,45,1,"23,","0,","22,",0.032,Non-essential
23,0,0,0,0,0,0,0,-,gL_042365,Hum_XLOC_031050,23,0,23,ENSG00000232442.3,ENST00000449500.3,exon2,634,132,155,1,"23,","0,","132,",0.576,Partially shared
22,0,0,0,0,0,0,0,-,gL_042367,Hum_XLOC_031050,23,0,22,ENSG00000232442.3,ENST00000449500.3,exon2,634,0,22,1,"22,","1,","0,",0.576,Partially shared
23,0,0,0,0,0,0,0,-,gL_042374,Hum_XLOC_031070,23,0,23,ENSG00000225377.6,ENST00000657126.1,exon2,187,87,110,1,"23,","0,","87,",0.544,Non-essential
22,0,0,0,0,0,0,0,-,gL_042411,Hum_XLOC_031171,23,0,22,ENSG00000278719.1,ENST00000613522.1,exon2,154,0,22,1,"22,","1,","0,",0.184,Non-essential
23,0,0,0,0,0,0,0,-,gL_042508,Hum_XLOC_031517,23,0,23,ENSG00000226648.2,ENST00000669288.1,exon2,153,32,55,1,"23,","0,","32,",0.544,Non-essential
23,0,0,0,0,0,0,0,-,gL_042590,Hum_XLOC_031789,23,0,23,ENSG00000125514.9,ENST00000414668.5,exon2,156,55,78,1,"23,","0,","55,",0.088,Non-essential
23,0,0,0,0,0,0,0,-,gL_042628,Hum_XLOC_031863,23,0,23,ENSG00000236471.1,ENST00000449746.1,exon2,302,176,199,1,"23,","0,","176,",0.32,Non-essential
23,0,0,0,0,0,0,0,-,gL_042657,Hum_XLOC_031932,23,0,23,ENSG00000234052.2,ENST00000426418.2,exon2,100,76,99,1,"23,","0,","76,",0.0,Non-essential
23,0,0,0,0,0,0,0,-,gL_042869,Hum_XLOC_032503,23,0,23,ENSG00000185837.5,ENST00000689229.2,exon2,178,132,155,1,"23,","0,","132,",0.384,Non-essential
23,0,0,0,0,0,0,0,-,gL_043099,Hum_XLOC_033164,23,0,23,ENSG00000260986.1,ENST00000568414.1,exon2,293,175,198,1,"23,","0,","175,",0.176,Non-essential
23,0,0,0,0,0,0,0,-,gL_043165,Hum_XLOC_033397,23,0,23,ENSG00000243902.6,ENST00000430883.5,exon2,102,76,99,1,"23,","0,","76,",0.448,Non-essential
23,0,0,0,0,0,0,0,-,gL_043203,Hum_XLOC_033529,23,0,23,ENSG00000234300.1,ENST00000443783.1,exon2,116,54,77,1,"23,","0,","54,",0.144,Non-essential
23,0,0,0,0,0,0,0,-,gL_043306,Hum_XLOC_033960,23,0,23,ENSG00000225611.3,ENST00000432377.3,exon2,580,187,210,1,"23,","0,","187,",0.184,Non-essential
23,0,0,0,0,0,0,0,-,gL_043459,Hum_XLOC_034526,23,0,23,ENSG00000242816.2,ENST00000656192.1,exon2,115,55,78,1,"23,","0,","55,",0.056,Non-essential
23,0,0,0,0,0,0,0,-,gL_043576,Hum_XLOC_034873,23,0,23,ENSG00000241544.2,ENST00000661446.1,exon2,157,110,133,1,"23,","0,","110,",0.408,Non-essential
23,0,0,0,0,0,0,0,-,gL_043624,Hum_XLOC_035084,23,0,23,ENSG00000234548.7,ENST00000664789.1,exon2,197,32,55,1,"23,","0,","32,",0.048,Non-essential
23,0,0,0,0,0,0,0,-,gL_043686,Hum_XLOC_035242,23,0,23,ENSG00000231249.3,ENST00000412804.3,exon2,1056,429,452,1,"23,","0,","429,",0.664,Non-essential
23,0,0,0,0,0,0,0,-,gL_043696,Hum_XLOC_035247,23,0,23,ENSG00000235831.8,ENST00000701363.1,exon2,156,98,121,1,"23,","0,","98,",0.184,Partially shared
23,0,0,0,0,0,0,0,-,gL_044020,Hum_XLOC_036338,23,0,23,ENSG00000240032.1,ENST00000490375.1,exon2,341,198,221,1,"23,","0,","198,",0.72,Non-essential
23,0,0,0,0,0,0,0,-,gL_044070,Hum_XLOC_036547,23,0,23,ENSG00000230292.5,ENST00000453180.5,exon2,164,55,78,1,"23,","0,","55,",0.152,Non-essential
23,0,0,0,0,0,0,0,-,gL_044272,Hum_XLOC_037149,23,0,23,ENSG00000286089.1,ENST00000652416.1,exon2,151,10,33,1,"23,","0,","10,",0.24,Non-essential
23,0,0,0,0,0,0,0,-,gL_044274,Hum_XLOC_037149,23,0,23,ENSG00000286089.1,ENST00000652416.1,exon2,151,55,78,1,"23,","0,","55,",0.24,Non-essential
23,0,0,0,0,0,0,0,-,gL_044283,Hum_XLOC_037192,23,0,23,ENSG00000282904.2,ENST00000634784.2,exon2,402,176,199,1,"23,","0,","176,",0.4,Cell-type specific
23,0,0,0,0,0,0,0,-,gL_044297,Hum_XLOC_037219,23,0,23,ENSG00000248866.1,ENST00000503051.1,exon2,776,737,760,1,"23,","0,","737,",0.72,Non-essential
23,0,0,0,0,0,0,0,-,gL_044355,Hum_XLOC_037438,23,0,23,ENSG00000251059.6,ENST00000663090.1,exon2,171,66,89,1,"23,","0,","66,",0.408,Non-essential
23,0,0,0,0,0,0,0,-,gL_044356,Hum_XLOC_037438,23,0,23,ENSG00000251059.6,ENST00000663090.1,exon2,171,76,99,1,"23,","0,","76,",0.408,Non-essential
23,0,0,0,0,0,0,0,-,gL_044517,Hum_XLOC_037970,23,0,23,ENSG00000250027.1,ENST00000503478.1,exon2,580,473,496,1,"23,","0,","473,",0.048,Non-essential
23,0,0,0,0,0,0,0,-,gL_044559,Hum_XLOC_038037,23,0,23,ENSG00000250708.3,ENST00000660497.1,exon2,1271,263,286,1,"23,","0,","263,",0.064,Non-essential
23,0,0,0,0,0,0,0,-,gL_044631,Hum_XLOC_038221,23,0,23,ENSG00000244459.4,ENST00000466692.3,exon2,489,132,155,1,"23,","0,","132,",0.512,Partially shared
23,0,0,0,0,0,0,0,-,gL_044958,Hum_XLOC_039265,23,0,23,ENSG00000249924.2,ENST00000513660.2,exon2,284,10,33,1,"23,","0,","10,",0.008,Non-essential
23,0,0,0,0,0,0,0,-,gL_045087,Hum_XLOC_039598,23,0,23,ENSG00000249808.4,ENST00000505396.2,exon2,303,143,166,1,"23,","0,","143,",0.056,Non-essential
23,0,0,0,0,0,0,0,-,gL_045185,Hum_XLOC_039915,23,0,23,ENSG00000289060.1,ENST00000693724.1,exon2,351,187,210,1,"23,","0,","187,",0.192,Non-essential
23,0,0,0,0,0,0,0,-,gL_045227,Hum_XLOC_040081,23,0,23,ENSG00000249343.3,ENST00000512458.2,exon2,125,10,33,1,"23,","0,","10,",0.048,Non-essential
23,0,0,0,0,0,0,0,-,gL_045231,Hum_XLOC_040086,23,0,23,ENSG00000289535.2,ENST00000686948.1,exon2,163,77,100,1,"23,","0,","77,",0.096,Non-essential
23,0,0,0,0,0,0,0,-,gL_045274,Hum_XLOC_040290,23,0,23,ENSG00000286503.1,ENST00000662770.1,exon2,122,22,45,1,"23,","0,","22,",0.696,Non-essential
23,0,0,0,0,0,0,0,-,gL_045275,Hum_XLOC_040290,23,0,23,ENSG00000286503.1,ENST00000662770.1,exon2,122,76,99,1,"23,","0,","76,",0.696,Non-essential
23,0,0,0,0,0,0,0,-,gL_045560,Hum_XLOC_041111,23,0,23,ENSG00000261360.3,ENST00000567048.1,exon2,172,43,66,1,"23,","0,","43,",0.376,Non-essential
23,0,0,0,0,0,0,0,-,gL_045606,Hum_XLOC_041218,23,0,23,ENSG00000272323.1,ENST00000606401.1,exon2,1468,1386,1409,1,"23,","0,","1386,",0.24,Non-essential
23,0,0,0,0,0,0,0,-,gL_045649,Hum_XLOC_041399,23,0,23,ENSG00000288936.1,ENST00000691121.1,exon2,289,120,143,1,"23,","0,","120,",0.288,Non-essential
23,0,0,0,0,0,0,0,-,gL_045721,Hum_XLOC_041677,23,0,23,ENSG00000249746.3,ENST00000502437.3,exon2,526,55,78,1,"23,","0,","55,",0.6,Non-essential
23,0,0,0,0,0,0,0,-,gL_045799,Hum_XLOC_041887,23,0,23,ENSG00000245937.10,ENST00000499346.7,exon2,100,44,67,1,"23,","0,","44,",0.992,Non-essential
23,0,0,0,0,0,0,0,-,gL_045826,Hum_XLOC_042010,23,0,23,ENSG00000249131.2,ENST00000657032.1,exon2,89,11,34,1,"23,","0,","11,",0.432,Non-essential
23,0,0,0,0,0,0,0,-,gL_045838,Hum_XLOC_042030,23,0,23,ENSG00000278936.1,ENST00000624549.1,exon2,448,65,88,1,"23,","0,","65,",0.504,Non-essential
23,0,0,0,0,0,0,0,-,gL_045963,Hum_XLOC_042489,23,0,23,ENSG00000287497.3,ENST00000702289.1,exon2,253,55,78,1,"23,","0,","55,",0.464,Non-essential
23,0,0,0,0,0,0,0,-,gL_046081,Hum_XLOC_042814,23,0,23,ENSG00000232080.5,ENST00000448198.2,exon2,580,99,122,1,"23,","0,","99,",0.192,Non-essential
23,0,0,0,0,0,0,0,-,gL_046102,Hum_XLOC_042848,23,0,23,ENSG00000233183.3,ENST00000666355.1,exon2,1027,923,946,1,"23,","0,","923,",0.056,Non-essential
23,0,0,0,0,0,0,0,-,gL_046144,Hum_XLOC_043011,23,0,23,ENSG00000286417.1,ENST00000671451.1,exon2,139,32,55,1,"23,","0,","32,",0.096,Non-essential
23,0,0,0,0,0,0,0,-,gL_046146,Hum_XLOC_043011,23,0,23,ENSG00000286417.1,ENST00000671451.1,exon2,139,33,56,1,"23,","0,","33,",0.096,Non-essential
23,0,0,0,0,0,0,0,-,gL_046162,Hum_XLOC_043078,23,0,23,ENSG00000291006.1,ENST00000643631.2,exon2,129,10,33,1,"23,","0,","10,",0.912,Non-essential
23,0,0,0,0,0,0,0,-,gL_046354,Hum_XLOC_043642,23,0,23,ENSG00000225177.6,ENST00000432673.1,exon2,691,120,143,1,"23,","0,","120,",0.504,Cell-type specific
23,0,0,0,0,0,0,0,-,gL_046366,Hum_XLOC_043659,23,0,23,ENSG00000286452.1,ENST00000667537.1,exon2,924,98,121,1,"23,","0,","98,",0.096,Non-essential
23,0,0,0,0,0,0,0,-,gL_046367,Hum_XLOC_043659,23,0,23,ENSG00000286452.1,ENST00000667537.1,exon2,924,10,33,1,"23,","0,","10,",0.096,Non-essential
23,0,0,0,0,0,0,0,-,gL_046439,Hum_XLOC_043864,23,0,23,ENSG00000231654.1,ENST00000455390.1,exon2,535,253,276,1,"23,","0,","253,",0.088,Non-essential
23,0,0,0,0,0,0,0,-,gL_046462,Hum_XLOC_043966,23,0,23,ENSG00000230438.9,ENST00000661223.1,exon2,1339,616,639,1,"23,","0,","616,",0.608,Partially shared
23,0,0,0,0,0,0,0,-,gL_046516,Hum_XLOC_044138,23,0,23,ENSG00000280989.2,ENST00000652307.1,exon2,633,351,374,1,"23,","0,","351,",0.088,Non-essential
23,0,0,0,0,0,0,0,-,gL_046886,Hum_XLOC_045383,23,0,23,ENSG00000232640.1,ENST00000413088.1,exon2,225,98,121,1,"23,","0,","98,",0.376,Non-essential
23,0,0,0,0,0,0,0,-,gL_046903,Hum_XLOC_045417,23,0,23,ENSG00000237181.2,ENST00000429872.2,exon2,617,120,143,1,"23,","0,","120,",0.912,Non-essential
23,0,0,0,0,0,0,0,-,gL_046935,Hum_XLOC_045527,23,0,23,ENSG00000244239.1,ENST00000458624.1,exon2,241,76,99,1,"23,","0,","76,",0.4,Non-essential
23,0,0,0,0,0,0,0,-,gL_046935,Hum_XLOC_045527,23,0,23,ENSG00000229970.3,ENST00000424460.1,exon2,246,76,99,1,"23,","0,","76,",0.304,Non-essential
23,0,0,0,0,0,0,0,-,gL_046998,Hum_XLOC_045667,23,0,23,ENSG00000286478.1,ENST00000665298.1,exon2,273,87,110,1,"23,","0,","87,",0.376,Non-essential
23,0,0,0,0,0,0,0,-,gL_047043,Hum_XLOC_045868,23,0,23,ENSG00000285536.1,ENST00000649656.1,exon2,119,43,66,1,"23,","0,","43,",0.064,Non-essential
23,0,0,0,0,0,0,0,-,gL_047288,Hum_XLOC_046830,23,0,23,ENSG00000243479.3,ENST00000480284.1,exon2,537,439,462,1,"23,","0,","439,",0.232,Non-essential
23,0,0,0,0,0,0,0,-,gL_047395,Hum_XLOC_047188,23,0,23,ENSG00000287584.1,ENST00000663389.1,exon2,361,76,99,1,"23,","0,","76,",0.416,Non-essential
23,0,0,0,0,0,0,0,-,gL_047503,Hum_XLOC_047559,23,0,23,ENSG00000232667.12,ENST00000627003.2,exon2,167,87,110,1,"23,","0,","87,",0.6,Non-essential
23,0,0,0,0,0,0,0,-,gL_047513,Hum_XLOC_047581,23,0,23,ENSG00000232019.1,ENST00000439105.1,exon2,283,32,55,1,"23,","0,","32,",0.096,Cell-type specific
23,0,0,0,0,0,0,0,-,gL_047518,Hum_XLOC_047591,23,0,23,ENSG00000224046.3,ENST00000670440.2,exon2,239,44,67,1,"23,","0,","44,",0.744,Cell-type specific
23,0,0,0,0,0,0,0,-,gL_047762,Hum_XLOC_048358,23,0,23,ENSG00000284606.1,ENST00000641813.1,exon2,183,142,165,1,"23,","0,","142,",0.496,Non-essential
23,0,0,0,0,0,0,0,-,gL_047773,Hum_XLOC_048385,23,0,23,ENSG00000253695.2,ENST00000655622.1,exon2,1376,527,550,1,"23,","0,","527,",0.192,Non-essential
23,0,0,0,0,0,0,0,-,gL_047838,Hum_XLOC_048593,23,0,23,ENSG00000247134.8,ENST00000659524.1,exon2,136,22,45,1,"23,","0,","22,",0.448,Non-essential
23,0,0,0,0,0,0,0,-,gL_047843,Hum_XLOC_048632,23,0,23,ENSG00000286677.1,ENST00000668779.1,exon2,1365,10,33,1,"23,","0,","10,",0.08,Non-essential
23,0,0,0,0,0,0,0,-,gL_047895,Hum_XLOC_048783,23,0,23,ENSG00000215117.6,ENST00000521663.2,exon2,243,175,198,1,"23,","0,","175,",0.112,Non-essential
23,0,0,0,0,0,0,0,-,gL_047991,Hum_XLOC_049028,23,0,23,ENSG00000253577.2,ENST00000664548.1,exon2,105,55,78,1,"23,","0,","55,",0.024,Non-essential
23,0,0,0,0,0,0,0,-,gL_048036,Hum_XLOC_049127,23,0,23,ENSG00000283959.2,ENST00000687500.1,exon2,216,10,33,1,"23,","0,","10,",0.392,Cell-type specific
23,0,0,0,0,0,0,0,-,gL_048056,Hum_XLOC_049228,23,0,23,ENSG00000248690.8,ENST00000518865.5,exon2,256,164,187,1,"23,","0,","164,",0.92,Non-essential
23,0,0,0,0,0,0,0,-,gL_048261,Hum_XLOC_049862,23,0,23,ENSG00000253408.6,ENST00000518213.2,exon2,781,527,550,1,"23,","0,","527,",0.432,Non-essential
23,0,0,0,0,0,0,0,-,gL_048302,Hum_XLOC_050042,23,0,23,ENSG00000253479.6,ENST00000653348.1,exon2,872,0,23,1,"23,","0,","0,",0.08,Non-essential
23,0,0,0,0,0,0,0,-,gL_048433,Hum_XLOC_050487,23,0,23,ENSG00000289906.1,ENST00000701552.1,exon2,273,54,77,1,"23,","0,","54,",0.176,Non-essential
23,0,0,0,0,0,0,0,-,gL_048884,Hum_XLOC_052042,23,0,23,ENSG00000287868.1,ENST00000668332.1,exon2,594,43,66,1,"23,","0,","43,",0.12,Non-essential
23,0,0,0,0,0,0,0,-,gL_049002,Hum_XLOC_052411,23,0,23,ENSG00000230262.9,ENST00000710613.1,exon2,1237,748,771,1,"23,","0,","748,",0.352,Non-essential
23,0,0,0,0,0,0,0,-,gL_049053,Hum_XLOC_052583,23,0,23,ENSG00000225684.4,ENST00000660977.1,exon2,106,65,88,1,"23,","0,","65,",0.352,Non-essential
23,0,0,0,0,0,0,0,-,gL_049080,Hum_XLOC_052669,23,0,23,ENSG00000286718.2,ENST00000656036.2,exon2,396,197,220,1,"23,","0,","197,",0.92,Non-essential
23,0,0,0,0,0,0,0,-,gL_049112,Hum_XLOC_052748,23,0,23,ENSG00000234705.3,ENST00000652876.3,exon2,271,65,88,1,"23,","0,","65,",0.816,Non-essential
23,0,0,0,0,0,0,0,-,gL_049153,Hum_XLOC_052853,23,0,23,ENSG00000225361.4,ENST00000603624.1,exon2,621,98,121,1,"23,","0,","98,",0.096,Cell-type specific
23,0,0,0,0,0,0,0,-,gL_049203,Hum_XLOC_053039,23,0,23,ENSG00000286724.1,ENST00000655807.1,exon2,175,66,89,1,"23,","0,","66,",0.808,Non-essential
23,0,0,0,0,0,0,0,-,gL_049329,Hum_XLOC_053572,23,0,23,ENSG00000231110.1,ENST00000458577.1,exon2,391,351,374,1,"23,","0,","351,",0.136,Non-essential
23,0,0,0,0,0,0,0,-,gL_049367,Hum_XLOC_053856,23,0,23,ENSG00000270069.4,ENST00000602461.1,exon2,889,252,275,1,"23,","0,","252,",0.976,Partially shared
23,0,0,0,0,0,0,0,-,gL_049490,Hum_XLOC_054239,23,0,23,ENSG00000287024.1,ENST00000668487.1,exon2,130,54,77,1,"23,","0,","54,",0.208,Non-essential
