"H2AFZ_AvgSignal","H2AFZ_MaxSignal","H2AFZ_MaxScaledSignal","H2AK5ac_AvgSignal","H2AK5ac_MaxSignal","H2AK5ac_MaxScaledSignal","H2AK9ac_AvgSignal","H2AK9ac_MaxSignal","H2AK9ac_MaxScaledSignal","H2BK120ac_AvgSignal","H2BK120ac_MaxSignal","H2BK120ac_MaxScaledSignal","H2BK12ac_AvgSignal","H2BK12ac_MaxSignal","H2BK12ac_MaxScaledSignal","H2BK15ac_AvgSignal","H2BK15ac_MaxSignal","H2BK15ac_MaxScaledSignal","H2BK20ac_AvgSignal","H2BK20ac_MaxSignal","H2BK20ac_MaxScaledSignal","H2BK5ac_AvgSignal","H2BK5ac_MaxSignal","H2BK5ac_MaxScaledSignal","H3F3A_AvgSignal","H3F3A_MaxSignal","H3F3A_MaxScaledSignal","H3K14ac_AvgSignal","H3K14ac_MaxSignal","H3K14ac_MaxScaledSignal","H3K18ac_AvgSignal","H3K18ac_MaxSignal","H3K18ac_MaxScaledSignal","H3K23ac_AvgSignal","H3K23ac_MaxSignal","H3K23ac_MaxScaledSignal","H3K23me2_AvgSignal","H3K23me2_MaxSignal","H3K23me2_MaxScaledSignal","H3K27ac_AvgSignal","H3K27ac_MaxSignal","H3K27ac_MaxScaledSignal","H3K27me3_AvgSignal","H3K27me3_MaxSignal","H3K27me3_MaxScaledSignal","H3K36me3_AvgSignal","H3K36me3_MaxSignal","H3K36me3_MaxScaledSignal","H3K4ac_AvgSignal","H3K4ac_MaxSignal","H3K4ac_MaxScaledSignal","H3K4me1_AvgSignal","H3K4me1_MaxSignal","H3K4me1_MaxScaledSignal","H3K4me2_AvgSignal","H3K4me2_MaxSignal","H3K4me2_MaxScaledSignal","H3K4me3_AvgSignal","H3K4me3_MaxSignal","H3K4me3_MaxScaledSignal","H3K56ac_AvgSignal","H3K56ac_MaxSignal","H3K56ac_MaxScaledSignal","H3K79me1_AvgSignal","H3K79me1_MaxSignal","H3K79me1_MaxScaledSignal","H3K79me2_AvgSignal","H3K79me2_MaxSignal","H3K79me2_MaxScaledSignal","H3K9ac_AvgSignal","H3K9ac_MaxSignal","H3K9ac_MaxScaledSignal","H3K9me1_AvgSignal","H3K9me1_MaxSignal","H3K9me1_MaxScaledSignal","H3K9me2_AvgSignal","H3K9me2_MaxSignal","H3K9me2_MaxScaledSignal","H3K9me3_AvgSignal","H3K9me3_MaxSignal","H3K9me3_MaxScaledSignal","H3T11ph_AvgSignal","H3T11ph_MaxSignal","H3T11ph_MaxScaledSignal","H4K12ac_AvgSignal","H4K12ac_MaxSignal","H4K12ac_MaxScaledSignal","H4K20me1_AvgSignal","H4K20me1_MaxSignal","H4K20me1_MaxScaledSignal","H4K5ac_AvgSignal","H4K5ac_MaxSignal","H4K5ac_MaxScaledSignal","H4K8ac_AvgSignal","H4K8ac_MaxSignal","H4K8ac_MaxScaledSignal","H4K91ac_AvgSignal","H4K91ac_MaxSignal","H4K91ac_MaxScaledSignal","chrm_acc_MaxScaledSignal","methylome","Dataset"
0,0,0,0,0,0,0,0,0,0,0,0,0,0,0,0,0,0,0,0,0,0,0,0,0,0,0,0,0,0,0,0,0,0,0,0,0,0,0,4.53553,4.53553,4.53553,39.314,9.58189,8.04952,4037.69,49.97329,49.9733,0,0,0,0,0,0,0,0,0,249.533,12.1854,12.1854,0,0,0,0,0,0,4.71322,4.71322,4.71322,0,0,0,0,0,0,0,0,0,4639.63,64.11378,64.1138,0,0,0,0,0,0,0,0,0,0,0,0,0,0,0,0,0,0,0.149834,87.5047,"short-ncrna"
0,0,0,0,0,0,0,0,0,0,0,0,0,0,0,0,0,0,0,0,0,0,0,0,0,0,0,0,0,0,0,0,0,0,0,0,0,0,0,0.55739,6.38465,0.55739,7.58328,7.46901,2.76015,3.2963,3.2963,3.2963,0,0,0,0,0,0,0,0,0,0,0,0,0,0,0,0,0,0,0,0,0,0,0,0,0,0,0,0,0,0,1.68517,5.99881,0.904582,0,0,0,0,0,0,0,0,0,0,0,0,0,0,0,0,0,0,3.53772,0,"short-ncrna"
4.36483,4.41247,2.30853,0,0,0,2.27589,5.09602,2.27589,0,0,0,0,0,0,0,0,0,0,0,0,0.0774672,3.98956,0.0774672,15.9663,4.42469,4.42469,0,0,0,0,0,0,0,0,0,0,0,0,670.426,205.05888,205.059,0,0,0,1097.53,25.31346,25.3135,0,0,0,316.643,25.71583,25.7158,0,0,0,10.1966,6.19098,6.19098,0,0,0,0,0,0,2.55691,4.24777,2.55691,16.3369,4.98949,3.88021,0,0,0,0,0,0,0,0,0,0,0,0,0,0,0,17.4677,5.16971,4.3337,0,0,0,0,0,0,0,0,0,26.9072,0,"short-ncrna"
0,0,0,0,0,0,0,0,0,0,0,0,0,0,0,0,0,0,0,0,0,0,0,0,3.18291,3.18291,3.18291,0,0,0,0,0,0,0,0,0,0,0,0,85.2259,39.43552,39.4355,0,0,0,1388.8,62.29232,62.2923,0,0,0,1.97453,1.97453,1.97453,0,0,0,0,0,0,0,0,0,0,0,0,0,0,0,0,0,0,0,0,0,0,0,0,0,0,0,0,0,0,0,0,0,0,0,0,0,0,0,0,0,0,0,0,0,0,0,"short-ncrna"
0,0,0,6.3818,6.3818,6.3818,0,0,0,4.54079,4.54079,4.54079,5.54431,5.54431,5.54431,5.65635,5.65635,5.65635,4.46074,4.46074,4.46074,0,0,0,0,0,0,2.79469,4.08775,2.79469,0,0,0,0,0,0,0,0,0,1989.36,45.7049,45.7049,58.3716,7.51917,7.51917,65.8858,6.32075,6.32075,7.85673,7.85673,7.85673,642.797,25.12144,25.1214,289.257,22.39026,22.3903,0,0,0,0,0,0,9.3341,4.87322,4.87322,16.1789,5.0006,5.0006,109.847,15.4083,15.4083,0,0,0,0,0,0,0,0,0,0,0,0,0,0,0,27.1936,13.36703,13.367,0,0,0,4.85603,5.22957,4.85603,4.03143,4.03143,4.03143,1.57541,0,"short-ncrna"
0,0,0,0,0,0,0,0,0,0,0,0,0,0,0,0,0,0,0,0,0,0,0,0,0,0,0,0,0,0,0,0,0,0,0,0,0,0,0,0,0,0,0,0,0,334.967,14.93973,14.9397,0,0,0,9.78189,5.31456,5.31456,0,0,0,0,0,0,0,0,0,0,0,0,0,0,0,0,0,0,0,0,0,0,0,0,5.421,2.82898,2.82898,0,0,0,0,0,0,2.44274,2.44274,2.44274,0,0,0,0,0,0,0,0,0,5.06122,77.2744,"short-ncrna"
0,0,0,0,0,0,0,0,0,0,0,0,0,0,0,0,0,0,0,0,0,0,0,0,0,0,0,0,0,0,0,0,0,0,0,0,0,0,0,4.55952,4.67418,4.37255,38.8948,7.02188,7.02188,187.733,12.51963,12.5196,0,0,0,7.43601,7.43601,7.43601,0,0,0,1.70251,3.75553,1.70251,0,0,0,0,0,0,0,0,0,0,0,0,0,0,0,0,0,0,77.2845,8.21525,8.21525,0,0,0,0,0,0,4.40649,4.40649,4.40649,0,0,0,0,0,0,0,0,0,0.208026,78.344,"short-ncrna"
33.0018,19.71557,19.7156,9.40825,9.40825,9.40825,9.41265,9.41265,9.41265,0,0,0,0,0,0,0,0,0,0,0,0,13.692,6.84283,6.84283,62.413,7.99376,7.99376,15.2015,12.69086,12.6909,16.0949,9.3308,9.3308,13.1417,11.08163,11.0816,13.4994,9.10297,9.10297,14066.8,165.20615,165.206,66.9066,13.06944,9.57892,2581.68,98.88799,98.888,31.1187,15.74379,15.7438,2763.16,31.63134,31.6313,1588.64,48.53798,48.538,49770.1,419.50732,419.507,42.2826,20.3839,20.3839,16.3765,5.03083,5.03083,625.545,52.4439,52.4439,3440.16,107.38895,107.389,0,0,0,0,0,0,0.550367,2.56838,0.550367,0,0,0,3.61627,3.61627,3.61627,309.118,17.08125,17.0813,0,0,0,17.3209,12.76904,12.769,7.46492,7.46492,7.46492,19.775,9.4599,"short-ncrna"
0,0,0,0,0,0,0,0,0,0,0,0,0,0,0,0,0,0,0,0,0,0,0,0,0.324557,2.50991,0.324557,0,0,0,0,0,0,0,0,0,0,0,0,31.7399,12.60151,5.64895,0,0,0,1604.81,32.05492,32.0549,0,0,0,6.72284,8.62548,3.59237,0,0,0,0,0,0,0,0,0,0,0,0,7.65875,4.53402,3.65662,0,0,0,0,0,0,0,0,0,0,0,0,0,0,0,0,0,0,2.86002,3.42023,2.86002,0,0,0,0,0,0,0,0,0,0,0,"short-ncrna"
0,0,0,0,0,0,0,0,0,0,0,0,0,0,0,0,0,0,0,0,0,0,0,0,0,0,0,0,0,0,0,0,0,0,0,0,0,0,0,0,0,0,9.06503,5.96829,5.96829,13.9374,6.66208,4.75384,0,0,0,0,0,0,0,0,0,0,0,0,0,0,0,0,0,0,0,0,0,0,0,0,0,0,0,0,0,0,942.202,35.9253,35.9253,0,0,0,0,0,0,0,0,0,0,0,0,0,0,0,0,0,0,0.411906,70.6222,"short-ncrna"
0,0,0,0,0,0,0,0,0,0,0,0,0,0,0,0,0,0,0,0,0,2.5464,4.84315,2.5464,0,0,0,0,0,0,0,0,0,0,0,0,0,0,0,4.45152,8.30379,4.45152,0,0,0,3.51515,3.51515,3.51515,0,0,0,0,0,0,4.10657,4.10657,4.10657,0,0,0,0,0,0,0,0,0,0,0,0,0,0,0,0,0,0,0,0,0,0,0,0,0,0,0,0,0,0,0,0,0,0,0,0,0,0,0,0,0,0,6.06186,51.807,"short-ncrna"
122.692,14.55299,11.5312,0,0,0,0,0,0,0,0,0,0,0,0,0,0,0,0,0,0,0,0,0,8.65079,6.41089,5.76654,0,0,0,0,0,0,0,0,0,0,0,0,5780.45,46.25122,46.2512,0,0,0,0,0,0,0,0,0,175.475,15.66615,15.6662,767.266,36.79745,36.7974,8292.72,62.05251,62.0525,0,0,0,0,0,0,0,0,0,737.134,22.6091,22.6091,0,0,0,0,0,0,0,0,0,0,0,0,0,0,0,1.64983,4.22977,0.928486,0,0,0,0,0,0,0,0,0,26.068,0.434479,"short-ncrna"
0,0,0,0,0,0,0,0,0,0,0,0,0,0,0,0,0,0,0,0,0,0,0,0,0,0,0,0,0,0,0,0,0,0,0,0,0,0,0,185.956,27.24656,27.2466,0,0,0,1051.53,15.03279,15.0328,0,0,0,7.8295,7.8295,7.8295,0,0,0,3.87305,5.74711,3.87305,0,0,0,2.34939,3.56281,2.34939,0,0,0,0,0,0,0,0,0,0,0,0,0,0,0,0,0,0,0,0,0,14.3017,4.29925,3.0588,0,0,0,0,0,0,0,0,0,2.74771,87.015,"short-ncrna"
0,0,0,0,0,0,0,0,0,0,0,0,0,0,0,0,0,0,0,0,0,0,0,0,0,0,0,0,0,0,3.07251,3.07251,3.07251,0,0,0,0,0,0,62.683,13.86511,13.8651,48.2551,16.08704,16.087,224.99,23.81916,23.8192,0,0,0,11.8596,3.71429,2.50026,0,0,0,17.7766,5.54015,5.54015,0,0,0,0,0,0,3.37952,3.37952,3.37952,1.29971,2.32865,1.29971,0,0,0,0,0,0,0,0,0,0,0,0,0,0,0,11.5328,11.53282,11.5328,0,0,0,0,0,0,0,0,0,0.107616,84.7049,"short-ncrna"
32.5202,7.88555,7.88555,32.7707,20.69624,20.6962,9.95031,9.95031,9.95031,6.52382,5.80105,2.79768,2.33365,3.79218,2.33365,0,0,0,0,0,0,41.3901,12.94184,12.9418,51.9568,8.94753,8.94753,39.2176,16.53773,16.5377,44.753,9.91538,9.91538,15.4282,12.57054,12.5705,3.70756,3.70756,3.70756,18243.3,152.05865,152.059,493.305,61.63611,61.6361,3841.15,144.11049,144.11,63.139,17.7333,17.7333,955.437,33.65532,33.6553,1387.7,52.07732,52.0773,43977,420.66345,420.663,58.8828,23.33695,23.337,7.80917,8.53291,4.63668,799.677,39.21117,39.2112,3942.76,90.02616,90.0262,0,0,0,0,0,0,340.024,38.63302,36.1565,0,0,0,1.2381,6.03576,1.2381,297.002,17.90252,17.9025,17.6659,9.04571,9.04571,26.8878,9.81327,9.81327,45.6337,20.57301,20.573,18.4664,0.575188,"short-ncrna"
21.31,14.79329,14.7933,0,0,0,0,0,0,0,0,0,0,0,0,0,0,0,0,0,0,0,0,0,0,0,0,0,0,0,0,0,0,0,0,0,0,0,0,5.17979,5.17979,5.17979,1828.45,33.43989,33.4399,0,0,0,0,0,0,23.5318,4.35904,4.35776,275.082,15.90564,15.9056,957.806,49.66173,49.6617,0,0,0,0,0,0,0,0,0,28.4054,20.37929,20.3793,0,0,0,0,0,0,67.3886,9.90148,9.90148,0,0,0,0,0,0,0,0,0,0,0,0,0,0,0,0,0,0,9.44733,6.51417,"short-ncrna"
18.2303,5.07209,5.07209,0,0,0,0,0,0,0,0,0,1.07371,2.8334,1.07371,0,0,0,0,0,0,0,0,0,0,0,0,0,0,0,0,0,0,0,0,0,0,0,0,907.671,40.91938,40.9194,97.4613,9.87042,9.87042,6.03707,6.03707,6.03707,0,0,0,453.309,11.05347,11.0535,137.783,10.83365,10.8337,304.454,60.73307,60.7331,0,0,0,0,0,0,0,0,0,22.3057,21.46359,9.14881,0,0,0,0,0,0,26.1602,7.5101,4.98038,0,0,0,0,0,0,0,0,0,0,0,0,0.542132,3.21891,0.542132,0,0,0,23.0227,0,"short-ncrna"
14.3355,7.02968,5.18905,0,0,0,0,0,0,0,0,0,0,0,0,0,0,0,0,0,0,0,0,0,0,0,0,0,0,0,0,0,0,0,0,0,0,0,0,204.944,16.05905,16.059,37.5482,15.8164,15.8164,26.449,5.96674,5.96674,0,0,0,155.158,11.07983,11.0798,15.7052,15.70518,15.7052,69.3511,13.01606,13.0161,0,0,0,0,0,0,0,0,0,5.53551,5.53551,5.53551,0,0,0,0,0,0,0,0,0,0,0,0,0,0,0,0,0,0,0,0,0,0,0,0,0,0,0,21.0773,64.5338,"short-ncrna"
0,0,0,0,0,0,0,0,0,0,0,0,0,0,0,0,0,0,0,0,0,0,0,0,0,0,0,0,0,0,0,0,0,0,0,0,0,0,0,258.315,13.9245,13.9245,113.14,13.79379,13.7938,22.0754,6.41174,6.41174,0,0,0,180.766,17.6446,17.6446,12.4007,11.93238,7.15045,0,0,0,0,0,0,0,0,0,5.82367,3.19233,3.19233,0,0,0,0,0,0,0,0,0,0,0,0,0,0,0,0,0,0,0,0,0,0,0,0,0,0,0,0,0,0,0,0,"short-ncrna"
0,0,0,0,0,0,0,0,0,0,0,0,0,0,0,0,0,0,0,0,0,0,0,0,0,0,0,0,0,0,0,0,0,0,0,0,0,0,0,7.13715,6.45776,6.45776,10.2969,6.40927,6.40927,7.06924,5.8966,5.25913,0,0,0,0,0,0,0,0,0,1.63537,6.48309,1.63537,0.315944,3.50698,0.315944,0,0,0,0,0,0,0,0,0,0,0,0,0,0,0,99.485,11.08168,9.87943,0,0,0,0,0,0,0,0,0,0,0,0,0,0,0,0,0,0,0,0,"short-ncrna"
0,0,0,0,0,0,0,0,0,0,0,0,0,0,0,0,0,0,0,0,0,0,0,0,10.4409,4.23222,4.23222,0,0,0,0,0,0,0,0,0,0,0,0,11549.1,126.06962,126.07,80.8906,33.01064,33.0106,1778.01,120.05518,120.055,0,0,0,283.682,22.54379,22.5438,1025.3,37.85452,37.8545,36719,299.11182,299.112,0,0,0,0,0,0,670.342,32.0569,32.0569,3333.82,85.16267,85.1627,0,0,0,0,0,0,44.4331,12.25639,12.2564,0,0,0,0,0,0,221.14,13.29496,13.295,0,0,0,0,0,0,0,0,0,0.364087,13.015,"short-ncrna"
87.8147,13.0789,13.0789,0,0,0,3.23889,3.65018,3.23889,0,0,0,1.60133,5.68473,1.60133,0,0,0,0,0,0,9.37168,9.37168,9.37168,32.0852,8.12278,8.12278,0,0,0,0,0,0,0,0,0,0,0,0,8587.17,132.87131,132.871,0,0,0,0.564255,2.10853,0.564255,0,0,0,861.099,24.93344,24.9334,1091.2,34.48225,34.4823,8776.21,73.60282,73.6028,0,0,0,0,0,0,4.37064,4.37064,4.37064,1196.46,40.41158,40.4116,0,0,0,0,0,0,0,0,0,0,0,0,0,0,0,14.2219,4.65983,4.65983,0,0,0,0,0,0,0,0,0,16.6906,0.559211,"short-ncrna"
61.9289,20.36365,15.4939,0,0,0,0,0,0,0,0,0,0,0,0,0,0,0,0,0,0,0,0,0,4.45948,4.45948,4.45948,0,0,0,0,0,0,0,0,0,0,0,0,253.924,29.24411,29.2441,5.42218,4.53723,2.69538,3.41648,3.41648,3.41648,1.51605,3.82803,1.51605,435.569,26.51246,26.5125,146.268,16.05395,16.054,0,0,0,0,0,0,0,0,0,0,0,0,0,0,0,0,0,0,0,0,0,0,0,0,0,0,0,1.07531,4.17716,1.07531,0,0,0,0,0,0,9.32182,7.22362,4.54983,3.4446,4.76582,3.4446,0.867981,0,"short-ncrna"
30.0372,13.62577,13.6258,0,0,0,0,0,0,0,0,0,5.11693,5.11693,5.11693,0,0,0,0,0,0,6.91719,6.91719,6.91719,12.086,7.00587,7.00587,0,0,0,11.0521,9.94549,9.94549,0,0,0,10.8843,6.7209,5.92079,1542.55,155.34325,155.343,4695.63,115.79948,115.799,96.8301,13.94681,13.9468,0,0,0,1355.71,21.46743,21.4674,542.369,37.01141,37.0114,5445.71,115.92886,115.929,14.767,7.49951,7.49951,0,0,0,55.8722,20.08014,20.0801,311.007,83.01255,83.0126,0,0,0,0,0,0,21.8871,8.96898,8.96898,0,0,0,0,0,0,96.8431,28.15225,28.1522,3.6412,3.6412,3.6412,0,0,0,8.35132,5.20233,4.27334,5.30226,5.11184,"short-ncrna"
0,0,0,0,0,0,0,0,0,0,0,0,0,0,0,0,0,0,0,0,0,0,0,0,0.269243,3.02898,0.269243,0,0,0,0,0,0,0,0,0,0,0,0,75.5028,38.22391,15.6874,5.30024,5.30024,5.30024,3303.52,48.27857,48.2786,0,0,0,3.65754,3.65754,3.65754,0,0,0,0,0,0,0,0,0,7.77742,4.11655,4.11655,20.672,4.09221,4.09221,0,0,0,0,0,0,0,0,0,0,0,0,0,0,0,0,0,0,60.1206,6.02485,6.02485,0,0,0,0,0,0,0,0,0,0.699878,83.1203,"short-ncrna"
0,0,0,0,0,0,0,0,0,0,0,0,0,0,0,0,0,0,0,0,0,0,0,0,0,0,0,0,0,0,0,0,0,0,0,0,0,0,0,18.3814,5.80698,5.80698,0,0,0,98.4301,7.97617,7.97617,0,0,0,57.8235,7.35281,7.35281,3.6562,3.6562,3.6562,0,0,0,0,0,0,3.69403,3.69403,3.69403,3.1704,3.1704,3.1704,0,0,0,0,0,0,0,0,0,0,0,0,0,0,0,0,0,0,4.73231,4.73231,4.73231,0,0,0,0,0,0,0,0,0,3.01011,58.3797,"short-ncrna"
0,0,0,0,0,0,0,0,0,0,0,0,0,0,0,0,0,0,0,0,0,0,0,0,0,0,0,0,0,0,0,0,0,0,0,0,0,0,0,0,0,0,4.28517,4.00397,4.00397,12.0217,4.75574,4.75574,0,0,0,0,0,0,0,0,0,0,0,0,0,0,0,0,0,0,1.37213,3.83251,1.37213,0,0,0,0,0,0,0,0,0,835.126,34.51647,34.5165,0,0,0,0,0,0,0,0,0,0,0,0,0,0,0,0,0,0,0,75.0414,"short-ncrna"
0,0,0,0,0,0,0,0,0,0,0,0,0,0,0,0,0,0,0,0,0,0,0,0,0,0,0,0,0,0,0,0,0,0,0,0,0,0,0,6.12429,6.64773,6.12429,263.076,9.3135,9.3135,0,0,0,0,0,0,0,0,0,0,0,0,0,0,0,0,0,0,0,0,0,0,0,0,0,0,0,0,0,0,0,0,0,6.54656,5.41807,5.41807,0,0,0,0,0,0,2.61044,2.61044,2.61044,0,0,0,0,0,0,0,0,0,0.0499708,73.3421,"short-ncrna"
0,0,0,0,0,0,0,0,0,0,0,0,0,0,0,0,0,0,0,0,0,0,0,0,0,0,0,0,0,0,0,0,0,0,0,0,0,0,0,2.23061,2.38444,2.23061,19.9535,10.45492,10.4549,3648.85,49.97329,49.9733,0,0,0,0,0,0,0,0,0,82.6653,10.53759,10.5376,0,0,0,0,0,0,8.76879,5.33862,5.33862,0,0,0,0,0,0,0,0,0,3738.38,63.73372,63.7337,0,0,0,0,0,0,0,0,0,0,0,0,0,0,0,0,0,0,0.13903,80.3017,"short-ncrna"
0,0,0,0,0,0,0,0,0,0,0,0,0,0,0,0,0,0,0,0,0,0,0,0,0,0,0,0,0,0,0,0,0,0,0,0,0,0,0,6.99363,5.32622,4.96634,0,0,0,1993.14,36.18012,36.1801,0,0,0,1.23808,2.34917,1.23808,0,0,0,3.74583,3.74583,3.74583,0,0,0,0,0,0,79.9104,27.7873,27.7873,0,0,0,0,0,0,0,0,0,651.501,27.17358,27.1736,0,0,0,0,0,0,20.07,13.33651,13.3365,0,0,0,0,0,0,0,0,0,0,0,"short-ncrna"
0,0,0,0,0,0,0,0,0,0,0,0,0,0,0,0,0,0,0,0,0,0,0,0,0,0,0,0,0,0,0,0,0,0,0,0,0,0,0,259.471,69.40625,69.4062,0,0,0,20.8417,5.9173,5.9173,0,0,0,320.797,21.72407,21.7241,57.3636,7.12806,7.12806,0.829565,7.65043,0.829565,0,0,0,0,0,0,87.1921,21.57895,21.5789,0,0,0,0,0,0,0,0,0,0.368391,2.18403,0.368391,0,0,0,0,0,0,127.935,14.95776,14.9578,0,0,0,0,0,0,0,0,0,4.17387,0,"short-ncrna"
0,0,0,0,0,0,0,0,0,0,0,0,0,0,0,0,0,0,0,0,0,0,0,0,14.3752,4.74108,4.74108,0,0,0,0,0,0,0,0,0,0,0,0,129.617,8.77904,8.77904,4.96279,4.96279,4.96279,1340.22,19.23395,19.234,0,0,0,254.984,8.47885,8.47885,26.4835,15.92755,15.9276,59.4515,25.11548,25.1155,0,0,0,0,0,0,502.953,33.98271,33.9827,5.65392,3.84166,3.84166,0,0,0,0,0,0,0,0,0,0,0,0,0,0,0,55.3164,9.69591,9.69591,0,0,0,0,0,0,0,0,0,0,0,"short-ncrna"
0,0,0,0,0,0,0,0,0,0,0,0,0,0,0,0,0,0,0,0,0,0,0,0,2.64696,3.07236,2.64696,0,0,0,0,0,0,0,0,0,0,0,0,0,0,0,0,0,0,1637.37,83.33294,83.3329,0,0,0,0,0,0,0,0,0,0,0,0,0,0,0,0,0,0,3.52736,3.52736,3.52736,0,0,0,0,0,0,0,0,0,0,0,0,0,0,0,0,0,0,6.72962,4.30753,3.383,0,0,0,0,0,0,0,0,0,0,92.1466,"short-ncrna"
0,0,0,0,0,0,0,0,0,0,0,0,0,0,0,0,0,0,0,0,0,0,0,0,45.8694,5.96358,5.96358,0,0,0,0,0,0,0,0,0,0,0,0,1030.87,117.87907,117.879,0,0,0,3167.15,84.07131,84.0713,0,0,0,1230.01,22.10919,19.2112,799.811,33.07286,33.0729,5275.81,362.85733,262.543,0,0,0,9.51163,5.34095,5.34095,457.028,24.32538,24.3254,872.156,63.72645,63.7264,0,0,0,0,0,0,0,0,0,0,0,0,0,0,0,207.043,12.91264,12.9126,0,0,0,0,0,0,0,0,0,0.31195,0,"short-ncrna"
0,0,0,0,0,0,0,0,0,0,0,0,0,0,0,0,0,0,0,0,0,0,0,0,0,0,0,0,0,0,0,0,0,0,0,0,0,0,0,0,0,0,108.949,13.64604,13.646,4.84,1.89606,1.89606,0,0,0,1.53358,2.61986,1.53358,50.1818,5.98682,5.98682,99.4182,10.68146,10.6815,0,0,0,0,0,0,0,0,0,18.4742,3.68332,3.68332,0,0,0,0,0,0,121.923,16.28709,16.2871,0,0,0,0,0,0,1.5073,2.0262,1.5073,0,0,0,0,0,0,0,0,0,0,1.28303,"short-ncrna"
0,0,0,0,0,0,0,0,0,0,0,0,0,0,0,0,0,0,0,0,0,0,0,0,44.5465,6.19856,6.19856,0,0,0,0,0,0,0,0,0,0,0,0,1533.6,103.46478,103.465,7.87809,7.87809,7.87809,3345.63,66.02567,66.0257,0,0,0,1630.31,16.3117,16.3117,727.783,44.47197,34.6979,5643.76,266.36542,266.365,0,0,0,4.97167,4.97167,4.97167,293.998,20.28338,20.2834,360.721,63.78716,63.7872,0,0,0,0,0,0,0,0,0,0,0,0,0,0,0,239.351,12.41758,12.4176,0,0,0,0,0,0,0,0,0,0,87.0639,"short-ncrna"
0,0,0,0,0,0,0,0,0,0,0,0,0,0,0,0,0,0,0,0,0,0,0,0,3.10198,3.10198,3.10198,0,0,0,0,0,0,0,0,0,0,0,0,0,0,0,50.7456,8.79356,5.28148,24.5562,4.36978,4.36978,0,0,0,2.57528,2.57528,2.57528,0,0,0,0,0,0,0,0,0,0,0,0,0,0,0,0,0,0,0,0,0,0,0,0,0,0,0,0,0,0,0,0,0,0,0,0,0,0,0,0,0,0,0,0,0,0,0,"short-ncrna"
115.684,7.73016,7.73016,0,0,0,0,0,0,0,0,0,0,0,0,0,0,0,0,0,0,0,0,0,13.5788,4.69574,4.69574,0,0,0,0,0,0,0,0,0,0,0,0,896.512,83.28141,83.2814,267.156,27.44777,27.4478,0,0,0,0,0,0,125.651,7.32818,7.32818,43.8108,12.75362,12.7536,751.094,44.1272,44.1272,0,0,0,0,0,0,0,0,0,56.8882,9.41897,9.41897,0,0,0,0,0,0,13.2846,8.24401,6.03787,0,0,0,0,0,0,0,0,0,0,0,0,5.01365,4.23833,3.46159,0,0,0,2.39781,52.7425,"short-ncrna"
0,0,0,0,0,0,0,0,0,0,0,0,0,0,0,0,0,0,0,0,0,0,0,0,0,0,0,0,0,0,0,0,0,0,0,0,0,0,0,0,0,0,212.035,12.00803,12.008,0,0,0,0,0,0,0,0,0,0,0,0,0,0,0,0,0,0,0,0,0,0,0,0,0,0,0,0,0,0,0,0,0,41.4427,10.91807,7.08717,0,0,0,0,0,0,2.7757,2.7757,2.7757,0,0,0,0,0,0,0,0,0,6.2748,72.4398,"short-ncrna"
33.6147,14.27787,10.9757,0,0,0,0,0,0,0,0,0,0,0,0,0,0,0,0,0,0,0,0,0,13.5965,6.44929,4.19447,0,0,0,0,0,0,0,0,0,0,0,0,2348.95,46.13909,46.1391,754.104,51.45152,51.4515,382.132,78.37415,78.3742,0,0,0,610.079,63.77356,63.7736,344.879,27.86213,27.8621,11031,178.71837,178.718,0,0,0,0,0,0,0,0,0,113.768,41.47893,41.4789,0,0,0,0,0,0,97.8806,12.1089,12.1089,0,0,0,0,0,0,0,0,0,0,0,0,0,0,0,0,0,0,15.5191,1.28346,"short-ncrna"
0,0,0,0,0,0,0,0,0,0,0,0,0,0,0,0,0,0,0,0,0,0,0,0,0,0,0,0,0,0,0,0,0,0,0,0,0,0,0,15.0072,10.43925,10.4392,1.39298,2.97421,1.39298,21.9112,6.06509,4.22849,0,0,0,35.5612,7.8383,7.8383,0,0,0,0,0,0,0,0,0,0,0,0,0,0,0,0,0,0,0,0,0,0,0,0,9.13992,4.67378,3.17469,0,0,0,0,0,0,0,0,0,0,0,0,0,0,0,0,0,0,3.9591,0,"short-ncrna"
2.83958,2.83958,2.83958,0,0,0,3.60309,4.10007,3.60309,0,0,0,0,0,0,0,0,0,0,0,0,0,0,0,3.17024,3.17024,3.17024,0,0,0,0,0,0,0,0,0,0,0,0,921.387,31.96852,31.9685,16.2732,8.15093,8.15093,48.751,8.37838,8.37838,0,0,0,819.472,46.99378,46.9938,348.653,21.58663,21.5866,65.1782,21.67955,21.6795,0,0,0,2.81174,2.81174,2.81174,9.23471,3.98596,3.98596,54.3664,6.86288,6.86288,0,0,0,0,0,0,0,0,0,0,0,0,0,0,0,1.94811,2.35199,1.94811,0,0,0,0,0,0,0,0,0,0.869521,0,"short-ncrna"
0,0,0,0,0,0,0,0,0,0,0,0,0,0,0,0,0,0,0,0,0,0,0,0,1.58424,2.74196,1.58424,0,0,0,0,0,0,0,0,0,0,0,0,459.521,41.57164,41.5716,11.2095,8.45251,8.01629,1319.42,27.62379,27.6238,0,0,0,61.6748,9.22637,9.22637,0,0,0,0,0,0,0,0,0,5.32458,4.16987,3.36678,70.4846,10.47334,10.4733,0,0,0,0,0,0,0,0,0,0,0,0,0,0,0,0,0,0,70.3705,17.10114,17.1011,0,0,0,0,0,0,0,0,0,7.04716,76.3139,"short-ncrna"
0,0,0,0,0,0,0,0,0,0,0,0,0,0,0,0,0,0,0,0,0,0,0,0,0,0,0,0,0,0,0,0,0,0,0,0,0,0,0,0,0,0,11.0874,7.0078,7.0078,2.90512,2.90512,2.90512,0,0,0,0,0,0,0,0,0,1.45508,4.15737,1.45508,0,0,0,0,0,0,0,0,0,0,0,0,0,0,0,0,0,0,844.216,35.9253,35.9253,0,0,0,0,0,0,0,0,0,0,0,0,0,0,0,0,0,0,0,62.6861,"short-ncrna"
167.898,16.33406,16.3341,0,0,0,0,0,0,0,0,0,0,0,0,0,0,0,0,0,0,0,0,0,14.542,7.363,7.363,0,0,0,0,0,0,0,0,0,0,0,0,1286.13,86.28576,86.2858,1346.95,35.81483,35.8148,134.672,18.96639,18.9664,0,0,0,841.39,67.29143,67.2914,833.463,26.66448,26.6645,6351.13,116.93354,116.934,0,0,0,0,0,0,21.4218,21.42176,21.4218,217.242,26.78981,26.7898,0,0,0,0,0,0,57.6878,10.24599,10.246,0,0,0,3.33395,3.38158,3.33395,0,0,0,0,0,0,3.9809,3.9809,3.9809,0,0,0,24.6479,4.66165,"short-ncrna"
0,0,0,0,0,0,0,0,0,0,0,0,0,0,0,0,0,0,0,0,0,0,0,0,53.6322,6.75605,6.75605,0,0,0,0,0,0,0,0,0,0,0,0,667.711,94.36473,94.3647,35.7305,17.90028,17.9003,4591.98,63.54889,63.5489,0,0,0,582.138,21.15703,21.157,246.308,36.8003,36.8003,1384.88,150.99281,150.993,0,0,0,15.5152,6.44311,6.44311,465.674,50.30015,50.3002,158.531,46.89744,46.8974,0,0,0,0,0,0,0,0,0,0,0,0,0,0,0,451.679,19.40031,19.4003,0,0,0,3.98238,3.98238,3.98238,0,0,0,1.54522,76.9699,"short-ncrna"
0,0,0,0,0,0,0,0,0,0,0,0,0,0,0,0,0,0,0,0,0,0,0,0,0,0,0,0,0,0,0,0,0,0,0,0,0,0,0,3.4305,3.4305,3.4305,20.2642,9.55039,7.4508,70.5622,6.68804,6.68804,0,0,0,0,0,0,0,0,0,0,0,0,0,0,0,0,0,0,0,0,0,0,0,0,0,0,0,0,0,0,1227.3,35.9253,35.9253,0,0,0,0,0,0,0,0,0,0,0,0,0,0,0,0,0,0,0.322835,69.2519,"short-ncrna"
0,0,0,0,0,0,0,0,0,0,0,0,0,0,0,0,0,0,0,0,0,0,0,0,5.55029,3.47128,3.04121,0,0,0,0,0,0,0,0,0,0,0,0,23.9852,11.10691,11.1069,3.97318,8.97939,3.97318,2475.97,27.96903,27.969,0,0,0,10.6859,4.33389,3.49188,0,0,0,4.53435,4.53435,4.53435,0,0,0,0,0,0,19.0472,4.75357,4.75357,0,0,0,0,0,0,0,0,0,0,0,0,0,0,0,0,0,0,73.338,10.97281,10.9728,0,0,0,0,0,0,0,0,0,0,90.3308,"short-ncrna"
0,0,0,5.23046,6.39897,5.23046,0,0,0,0,0,0,0,0,0,0,0,0,0,0,0,2.52589,2.82017,2.52589,6.74856,3.76893,3.76893,0,0,0,0,0,0,0,0,0,0,0,0,3584,57.73308,57.7331,33.1999,11.3404,8.0862,455.528,18.0308,18.0308,3.50436,3.95099,3.50436,1613.78,22.83162,22.8316,514.37,21.22512,21.2251,391.224,32.17099,32.171,0,0,0,6.99282,6.17726,6.17726,39.398,9.56515,9.56515,66.5944,11.30823,11.3082,0,0,0,0,0,0,0,0,0,0,0,0,0,0,0,34.6408,6.02536,6.02536,0,0,0,0,0,0,0,0,0,3.65895,48.1128,"short-ncrna"
256.843,17.99949,17.9995,12.9943,10.3842,10.3842,4.59461,4.59461,4.59461,29.8886,20.0835,20.0835,16.5058,11.6545,11.6545,7.86585,7.86585,7.86585,9.96669,9.96669,9.96669,29.1159,19.31697,19.317,3.83188,3.83188,3.83188,15.2208,11.48807,11.4881,24.8392,8.55867,8.55867,10.179,10.17901,10.179,3.31142,3.31142,3.31142,12693.2,234.29642,234.296,61.2366,31.50989,31.5099,11.7663,6.53879,2.92771,26.4337,12.73835,12.7384,3166.2,35.65403,35.654,1064.07,26.70897,26.709,6758.93,75.40261,75.4026,21.9761,16.06729,16.0673,0,0,0,0.635948,3.45229,0.635948,999.577,40.11393,40.1139,0,0,0,0,0,0,0,0,0,0,0,0,0,0,0,0,0,0,12.7641,8.76029,8.76029,32.932,17.07868,17.0787,20.301,13.74584,13.7458,16.1674,15.5658,"short-ncrna"
0,0,0,0,0,0,0,0,0,0,0,0,0,0,0,0,0,0,0,0,0,0,0,0,76.3621,8.58417,8.58417,0,0,0,0,0,0,4.41399,4.41399,4.41399,0,0,0,4139.64,122.54915,122.549,8.03081,8.03081,8.03081,4169.08,93.95967,93.9597,0,0,0,1354.54,54.31815,54.3182,910.909,49.69934,49.6993,11525,365.8302,365.83,0,0,0,4.16124,4.16124,4.16124,286.568,40.61964,40.6196,1057.84,62.10019,62.1002,0,0,0,0,0,0,0,0,0,0,0,0,0,0,0,425.409,16.62647,16.6265,0,0,0,0,0,0,0,0,0,4.79458,49.9925,"short-ncrna"
0,0,0,3.56406,3.56406,3.56406,0,0,0,1.76045,2.27685,1.76045,9.01225,4.50732,4.50732,3.22369,3.22369,3.22369,0,0,0,0,0,0,0,0,0,0,0,0,3.75359,3.75359,3.75359,0,0,0,0,0,0,21.0613,7.04206,7.04206,28.4815,9.72573,9.72573,2.17177,6.05634,1.73471,0,0,0,16.6357,8.69876,8.69876,0,0,0,0,0,0,0,0,0,0,0,0,0,0,0,5.4653,4.3469,3.22463,0,0,0,0,0,0,0,0,0,0,0,0,0,0,0,0,0,0,0,0,0,0,0,0,8.67961,5.31624,5.31624,4.00994,81.0038,"short-ncrna"
0,0,0,0,0,0,0,0,0,0,0,0,0,0,0,0,0,0,0,0,0,0,0,0,0,0,0,0,0,0,0,0,0,0,0,0,0,0,0,0,0,0,0,0,0,0,0,0,0,0,0,0,0,0,0,0,0,0,0,0,0,0,0,0,0,0,0,0,0,0,0,0,0,0,0,0,0,0,0,0,0,0,0,0,0,0,0,0,0,0,0,0,0,0,0,0,0,0,0,0,12.8922,"short-ncrna"
326.187,25.96975,25.9698,0,0,0,0,0,0,3.44679,3.59041,3.44679,0,0,0,0,0,0,0,0,0,0,0,0,34.0638,5.4832,5.4832,0,0,0,5.87654,5.87654,5.87654,0,0,0,0,0,0,8549.69,64.56567,64.5657,11.6976,7.46669,7.46669,61.4564,42.11774,42.1177,0,0,0,415.016,9.85602,9.85602,959.394,60.97706,60.9771,27523.2,251.54259,251.543,5.23715,6.54644,5.23715,0,0,0,0,0,0,1751.89,58.14486,58.1449,0,0,0,0,0,0,2.36594,4.32793,2.36594,0,0,0,0,0,0,0,0,0,4.3996,4.3996,4.3996,7.81023,8.33192,3.53235,0,0,0,20.4198,22.3214,"short-ncrna"
101.291,10.5588,10.5588,0,0,0,0,0,0,0,0,0,0,0,0,0,0,0,0,0,0,0,0,0,6.42192,5.41838,5.04035,5.00613,5.00613,5.00613,2.38728,4.10612,2.38728,0,0,0,0,0,0,6995.31,125.85141,125.851,666.551,26.32474,26.3247,63.5389,61.32658,29.113,0,0,0,3501.95,43.36479,43.3648,982.114,36.53458,36.5346,9834.07,158.16243,158.162,0.296365,3.64105,0.296365,0,0,0,4.19656,4.19656,4.19656,772.632,31.55617,31.5562,0,0,0,0,0,0,0,0,0,0,0,0,0,0,0,5.8297,2.69291,2.69291,0,0,0,0,0,0,0,0,0,10.7429,33.7453,"short-ncrna"
0,0,0,0,0,0,0,0,0,0,0,0,0,0,0,0,0,0,0,0,0,0,0,0,37.0112,7.08651,7.08651,0,0,0,0,0,0,0,0,0,0,0,0,41.8101,8.18062,8.18062,0,0,0,2596.17,100.84246,100.842,0,0,0,0,0,0,0,0,0,0,0,0,0,0,0,0,0,0,99.2374,25.58528,25.5853,4.03172,3.72802,2.72264,0,0,0,0,0,0,0,0,0,0,0,0,0,0,0,188.862,19.3206,19.3206,0,0,0,0,0,0,0,0,0,0,86.9887,"short-ncrna"
3.39165,3.39165,3.39165,0,0,0,0,0,0,0,0,0,0,0,0,0,0,0,0,0,0,0,0,0,3.25672,3.25672,3.25672,0,0,0,0,0,0,0,0,0,0,0,0,330.193,113.62703,113.627,57.1088,9.0693,7.58297,0,0,0,0,0,0,21.5923,5.37713,5.37713,0,0,0,0,0,0,0,0,0,0,0,0,0,0,0,0,0,0,0,0,0,0,0,0,6.75352,3.54267,3.54267,0,0,0,0,0,0,0,0,0,0,0,0,0,0,0,0,0,0,3.12913,68.0564,"short-ncrna"
0,0,0,0,0,0,0,0,0,0,0,0,0,0,0,0,0,0,0,0,0,0,0,0,0,0,0,0,0,0,0,0,0,0,0,0,0,0,0,0,0,0,11.4044,11.40436,11.4044,0.275838,3.80656,0.275838,0,0,0,0,0,0,0,0,0,0,0,0,0,0,0,0,0,0,3.06033,3.06033,3.06033,0,0,0,0,0,0,0,0,0,1.09525,4.3184,1.09525,0,0,0,0,0,0,0,0,0,0,0,0,0,0,0,0,0,0,1.10359,41.9098,"short-ncrna"
4.34271,4.34271,4.34271,0,0,0,0,0,0,0,0,0,0,0,0,0,0,0,0,0,0,0,0,0,53.6322,6.75605,6.75605,0,0,0,0,0,0,0,0,0,0,0,0,559.213,94.36473,94.3647,14.0565,10.03578,10.0358,4550.02,63.54889,63.5489,0,0,0,595.976,21.15703,21.157,581.606,36.8003,36.8003,1928.55,150.99281,150.993,0,0,0,19.1332,6.44311,6.44311,716.511,50.30015,50.3002,420.827,69.76356,69.7636,0,0,0,0,0,0,0,0,0,0,0,0,0,0,0,495.354,19.40031,19.4003,0,0,0,6.02652,6.02652,6.02652,0,0,0,0.386663,88.4248,"short-ncrna"
0,0,0,0,0,0,0,0,0,0,0,0,0,0,0,0,0,0,0,0,0,2.2169,2.2169,2.2169,2.83221,2.83221,2.83221,1.82847,4.19473,1.82847,7.16935,3.81149,3.81149,0,0,0,0,0,0,4086.16,177.354,177.354,131.814,42.60261,39.8717,463.235,15.10445,15.1044,6.64009,6.64009,6.64009,1171.29,31.91472,31.9147,777.394,41.01296,41.013,7556.66,149.12173,149.122,0,0,0,8.59023,5.06982,5.06982,308.353,24.90831,24.9083,616.124,58.37665,58.3766,0,0,0,0,0,0,0,0,0,0,0,0,0,0,0,292.257,13.702,13.702,0,0,0,3.03947,3.20377,3.03947,0,0,0,3.258,63.4718,"short-ncrna"
172.914,21.07248,21.0725,33.1574,24.55511,24.5551,16.524,16.52399,16.524,11.526,5.76677,5.76677,9.24644,6.20015,6.20015,14.4254,14.42541,14.4254,0,0,0,24.7089,21.31637,21.3164,0,0,0,26.4124,9.7108,9.7108,31.665,12.33937,12.3394,18.3938,8.2307,8.2307,10.389,7.90694,7.90694,4996.87,75.42749,75.4275,136.585,25.0539,25.0539,61.9986,15.62791,10.8597,27.5785,13.1049,13.1049,1046.25,25.46514,25.4651,1453.1,44.09653,44.0965,16415.8,122.87403,122.874,17.7027,16.14569,16.1457,14.7081,5.25419,5.25419,121.275,13.54135,13.5413,1596.14,68.54804,68.548,0,0,0,0,0,0,4.91702,4.52363,2.96647,0,0,0,4.08976,4.08976,4.08976,71.9612,7.51551,7.39546,9.5597,7.70577,7.70577,28.1168,9.3709,9.3709,33.4906,15.56176,15.5618,23.9638,10.2058,"short-ncrna"
0,0,0,0,0,0,0,0,0,0,0,0,0,0,0,0,0,0,0,0,0,0,0,0,0,0,0,0,0,0,0,0,0,0,0,0,0,0,0,5.01644,5.01644,5.01644,43.9826,4.30582,3.80675,0,0,0,0,0,0,0,0,0,0,0,0,0,0,0,0,0,0,0,0,0,0,0,0,0,0,0,0,0,0,0,0,0,0,0,0,0,0,0,0,0,0,0,0,0,0,0,0,0,0,0,0,0,0,0,0,"short-ncrna"
0,0,0,0,0,0,0,0,0,0,0,0,0,0,0,0,0,0,0,0,0,0,0,0,0,0,0,0,0,0,0,0,0,0,0,0,0,0,0,4.59764,5.50209,4.59764,43.3661,9.4943,9.4943,31.3445,5.6207,5.30041,0,0,0,0,0,0,0,0,0,2.61767,4.54976,2.61767,0,0,0,0,0,0,0,0,0,0,0,0,0,0,0,0,0,0,893.733,30.21129,30.2113,0,0,0,0,0,0,0,0,0,0,0,0,0,0,0,0,0,0,0,76.7519,"short-ncrna"
0,0,0,0,0,0,0,0,0,0,0,0,0,0,0,0,0,0,0,0,0,0,0,0,0,0,0,0,0,0,0,0,0,0,0,0,0,0,0,0,0,0,2.47535,3.52652,2.47535,0,0,0,0,0,0,0,0,0,0,0,0,0,0,0,0,0,0,0,0,0,0,0,0,0,0,0,0,0,0,0,0,0,0,0,0,0,0,0,0,0,0,0,0,0,0,0,0,0,0,0,0,0,0,0,79.6861,"short-ncrna"
17.8158,5.46598,5.46598,0,0,0,0,0,0,0,0,0,0,0,0,0,0,0,0,0,0,0,0,0,0,0,0,0,0,0,0,0,0,0,0,0,0,0,0,117.849,22.68278,22.6828,31.9482,7.28124,6.0677,4.14109,4.14109,4.14109,0,0,0,343.18,21.56326,21.5633,20.5736,14.8498,14.8498,15.8933,6.28965,6.28965,0,0,0,0,0,0,0,0,0,6.32849,6.32849,6.32849,0,0,0,0,0,0,0,0,0,0,0,0,0,0,0,0,0,0,0,0,0,0,0,0,0,0,0,14.9693,0,"short-ncrna"
52.3934,10.49725,10.4972,0,0,0,0,0,0,0,0,0,0,0,0,0,0,0,0,0,0,0,0,0,0,0,0,0,0,0,0,0,0,0,0,0,1.67533,4.46754,1.67533,258.812,31.30719,31.3072,4435.52,64.35992,64.3599,110.866,11.84562,11.8456,0,0,0,134.37,10.37444,10.3744,341.734,25.26306,25.2631,1585.31,126.15064,126.151,0,0,0,0,0,0,0,0,0,49.4511,17.82377,17.8238,0,0,0,0,0,0,832.028,24.58109,24.5811,0,0,0,0,0,0,3.65526,3.65526,3.65526,0,0,0,0,0,0,0,0,0,13.7735,9.55404,"short-ncrna"
99.076,16.44355,16.4435,0,0,0,0,0,0,0,0,0,0,0,0,0,0,0,0,0,0,0,0,0,8.69929,4.03131,4.03131,0,0,0,0,0,0,0,0,0,0,0,0,882.959,30.16288,30.1629,2695.37,47.39512,47.3951,352.031,54.53936,54.5394,0,0,0,710.682,43.71412,43.7141,488.897,36.07959,36.0796,6248.4,246.27773,246.278,0.354995,9.49612,0.354995,0,0,0,0,0,0,147.829,28.03923,28.0392,0,0,0,0,0,0,411.213,22.17045,22.1704,0,0,0,0,0,0,0,0,0,0,0,0,0.826073,5.1994,0.826073,0,0,0,21.2877,3.89536,"short-ncrna"
3.0178,3.0178,3.0178,0,0,0,0,0,0,0,0,0,0,0,0,0,0,0,0,0,0,0,0,0,10.9389,7.71519,7.71519,0,0,0,0,0,0,0,0,0,0,0,0,795.73,36.56393,36.5639,0,0,0,129.278,5.4848,5.4848,0,0,0,636.39,37.59807,37.5981,59.8046,9.06849,9.06849,7.59092,4.05853,4.05853,0,0,0,5.41497,5.41497,5.41497,39.7065,10.52871,10.5287,7.22906,4.93149,4.93149,0,0,0,0,0,0,4.79357,3.74224,2.81371,0,0,0,0,0,0,50.6768,9.21645,9.21645,0,0,0,0,0,0,0,0,0,23.6308,92.4925,"short-ncrna"
0,0,0,0,0,0,0,0,0,0,0,0,0,0,0,0,0,0,0,0,0,0,0,0,59.3261,7.90683,7.90683,0,0,0,0,0,0,0,0,0,0,0,0,3526.35,76.89473,76.8947,90.0662,22.65441,22.6544,4546.08,143.1861,143.186,0,0,0,1526.43,73.63195,73.632,1039.97,58.35755,58.3576,14002.7,336.43167,336.432,2.06944,3.69143,2.06944,0,0,0,373.724,55.30086,55.3009,1614.71,93.29923,93.2992,0,0,0,0,0,0,6.72658,5.903,3.5962,0,0,0,0,0,0,482.934,21.73977,21.7398,0,0,0,0,0,0,0,0,0,1.5052,72.7431,"short-ncrna"
0,0,0,2.69911,2.69911,2.69911,0,0,0,0,0,0,0,0,0,0,0,0,0,0,0,0,0,0,0,0,0,0,0,0,0,0,0,2.23286,4.009,2.23286,0,0,0,64.5141,13.75694,13.7569,2809.32,88.78085,88.7809,193.525,25.33185,25.3318,0,0,0,1134.28,21.5561,21.5561,99.7229,54.93614,54.9361,350.888,31.28752,28.3085,0,0,0,0,0,0,0,0,0,24.5024,19.92676,19.9268,0,0,0,0,0,0,19.8044,7.08174,7.08174,0,0,0,0,0,0,370.674,23.56089,23.5609,0,0,0,6.81228,4.77719,4.57486,0,0,0,8.95597,39.6472,"short-ncrna"
0,0,0,0,0,0,0,0,0,0,0,0,0,0,0,0,0,0,0,0,0,0,0,0,7.11802,7.11802,7.11802,0,0,0,0,0,0,0,0,0,0,0,0,176.584,40.91388,40.9139,5.68274,5.68274,5.68274,1498.34,37.1324,37.1324,0,0,0,125.033,20.082,20.082,0,0,0,5.62274,5.62274,5.62274,0,0,0,4.25501,4.25501,4.25501,0,0,0,5.44977,5.44977,5.44977,0,0,0,0,0,0,0,0,0,0,0,0,0,0,0,24.1719,5.29963,5.29963,0,0,0,0,0,0,0,0,0,6.09036,82.688,"short-ncrna"
0,0,0,0,0,0,0,0,0,0,0,0,0,0,0,0,0,0,0,0,0,0,0,0,0,0,0,0,0,0,0,0,0,0,0,0,0,0,0,14.3291,5.45213,5.45213,10.5977,7.27711,7.27711,0,0,0,0,0,0,0,0,0,0,0,0,0,0,0,0,0,0,0,0,0,0,0,0,0,0,0,0,0,0,0,0,0,6.73351,9.26099,3.29612,0,0,0,0,0,0,0,0,0,0,0,0,0,0,0,0,0,0,0.0864409,50.1207,"short-ncrna"
0,0,0,0,0,0,0,0,0,0,0,0,0,0,0,0,0,0,0,0,0,0,0,0,0,0,0,0,0,0,0,0,0,0,0,0,0,0,0,0,0,0,49.2932,8.54941,8.54941,0,0,0,0,0,0,0,0,0,0,0,0,0,0,0,0,0,0,0,0,0,0,0,0,0,0,0,0,0,0,2.28284,2.8916,2.28284,0,0,0,0,0,0,0,0,0,0,0,0,0,0,0,0,0,0,0,0,0,0,63.703,"short-ncrna"
0,0,0,0,0,0,0,0,0,0,0,0,3.15824,3.40758,3.15824,0,0,0,0,0,0,0,0,0,17.5686,5.50531,5.50531,0,0,0,0,0,0,5.10557,5.10557,5.10557,0,0,0,2177.33,95.50398,95.504,34.5039,21.79256,21.7926,3017.86,65.06641,65.0664,0,0,0,1677.37,57.16661,57.1666,213.4,15.4677,15.4677,235.255,22.29579,22.2958,0,0,0,0,0,0,10.029,5.49671,5.49671,80.3306,18.54517,18.5452,0,0,0,0,0,0,49.3739,11.799,11.799,0,0,0,0,0,0,67.5542,8.0152,8.0152,0,0,0,4.1777,4.1777,4.1777,0,0,0,18.1117,81.5169,"short-ncrna"
0,0,0,0,0,0,0,0,0,0,0,0,0,0,0,0,0,0,0,0,0,0,0,0,0,0,0,0,0,0,0,0,0,0,0,0,0,0,0,62.0522,49.47097,49.471,0,0,0,2064.07,23.95164,23.9516,0,0,0,11.36,9.87287,9.87287,4.55091,4.55091,4.55091,0,0,0,0,0,0,0,0,0,2.37935,2.37935,2.37935,0,0,0,0,0,0,0,0,0,0,0,0,0,0,0,0,0,0,0,0,0,0,0,0,0,0,0,0,0,0,0,75.3195,"short-ncrna"
143.683,12.99306,12.9931,0,0,0,0,0,0,0,0,0,0,0,0,0,0,0,0,0,0,0,0,0,3.92838,3.92838,3.92838,0,0,0,3.5162,4.42556,3.5162,0,0,0,0,0,0,4391.75,37.73549,37.7355,178.413,40.65195,40.6519,298.239,58.18469,58.1847,0,0,0,524.181,54.22714,54.2271,473.19,13.3023,13.3023,9929.15,75.67072,75.6707,5.07015,5.07015,5.07015,0,0,0,0,0,0,214.221,10.69894,10.6989,0,0,0,0,0,0,18.2729,6.44788,6.44788,0,0,0,0,0,0,0,0,0,0,0,0,4.75078,4.75078,4.75078,0,0,0,12.4281,7.05532,"short-ncrna"
46.0134,15.7019,11.8102,0,0,0,0,0,0,0,0,0,0,0,0,0,0,0,0,0,0,0,0,0,0,0,0,0,0,0,0,0,0,0,0,0,0,0,0,344.809,35.41758,35.4176,2023.92,50.25648,50.2565,76.5528,12.44002,12.44,0,0,0,104.408,25.30709,25.3071,93.8303,18.82199,18.822,2496.04,96.62359,96.6236,0,0,0,0,0,0,0,0,0,127.89,34.53379,34.5338,0,0,0,0,0,0,152.482,13.91188,13.9119,0,0,0,0,0,0,0,0,0,0,0,0,0,0,0,0,0,0,15.1469,17.9057,"short-ncrna"
0,0,0,0,0,0,0,0,0,0,0,0,0,0,0,0,0,0,0,0,0,0,0,0,0,0,0,0,0,0,0,0,0,0,0,0,0,0,0,3.56199,3.56199,3.56199,19.813,16.72631,16.7263,3994.82,49.97329,49.9733,0,0,0,0,0,0,0,0,0,235.805,11.45153,11.4515,0,0,0,0,0,0,10.7237,6.81406,6.81406,3.74144,3.74144,3.74144,0,0,0,0,0,0,4256.1,63.73372,63.7337,0,0,0,0,0,0,0,0,0,0,0,0,0,0,0,0,0,0,0,48.9549,"short-ncrna"
0,0,0,3.11535,3.11535,3.11535,0,0,0,0,0,0,0,0,0,0,0,0,0,0,0,0,0,0,0,0,0,0,0,0,7.90077,5.08816,5.08816,3.78812,3.78812,3.78812,0,0,0,1592.38,122.76631,122.766,31.7116,20.42473,20.4247,1190.87,34.48343,34.4834,0,0,0,348.848,15.95743,15.9574,3.15205,4.41164,2.82543,154.654,15.68261,15.6826,0,0,0,15.13,7.55304,7.55304,96.3588,21.07434,20.3285,68.8867,12.16483,12.1648,0,0,0,0,0,0,0,0,0,0,0,0,0,0,0,42.5853,8.78983,8.78983,0,0,0,0,0,0,0,0,0,2.50174,0,"short-ncrna"
0,0,0,0,0,0,0,0,0,0,0,0,0,0,0,0,0,0,0,0,0,0,0,0,0,0,0,0,0,0,0,0,0,0,0,0,0,0,0,0,0,0,5.84889,7.9474,3.92613,1.25524,4.57792,1.25524,0,0,0,19.2108,4.85068,4.85068,0,0,0,0,0,0,0,0,0,0,0,0,0,0,0,0,0,0,0,0,0,0,0,0,132.382,14.3698,14.3698,0,0,0,0,0,0,0,0,0,0,0,0,0,0,0,0,0,0,0.375213,0,"short-ncrna"
9.49691,4.37996,3.41176,3.69556,3.69556,3.69556,1.00438,3.97569,1.00438,0,0,0,8.02592,5.68548,5.38624,0,0,0,0,0,0,11.5129,6.40069,6.40069,42.4022,5.85905,5.85905,8.49064,5.14113,5.14113,7.92349,3.27844,3.27844,0,0,0,0,0,0,2971.57,154.87971,154.88,46.003,18.30498,18.305,1085.3,19.70204,19.702,2.83326,2.83326,2.83326,1731.09,26.13162,26.1316,323.643,20.15647,20.1565,316.426,37.14529,25.0242,5.49703,5.49703,5.49703,8.51944,4.65733,4.65733,0.318025,4.46443,0.177043,158.923,18.71409,18.7141,0,0,0,0,0,0,20.5258,10.38463,10.3846,0,0,0,4.36417,4.36417,4.36417,530.519,26.03174,26.0317,0,0,0,5.10321,5.22213,4.02298,8.10985,8.10985,8.10985,5.84587,43.5414,"short-ncrna"
0,0,0,0,0,0,0,0,0,0,0,0,0,0,0,0,0,0,0,0,0,0,0,0,0,0,0,0,0,0,0,0,0,0,0,0,0,0,0,8.18144,4.43723,4.43723,9.78849,12.98585,9.73939,9.49934,7.20675,2.78495,0,0,0,0,0,0,0,0,0,0,0,0,0,0,0,0,0,0,0,0,0,0,0,0,0,0,0,0,0,0,1010.08,50.85184,50.8518,0,0,0,0,0,0,0,0,0,0,0,0,0,0,0,0,0,0,0.221875,60.6147,"short-ncrna"
0,0,0,0,0,0,0,0,0,0,0,0,0,0,0,0,0,0,0,0,0,0,0,0,0,0,0,0,0,0,0,0,0,0,0,0,0,0,0,3.56112,5.21345,3.49428,234.502,10.79442,10.7944,11.0586,5.55851,5.55851,0,0,0,0,0,0,0,0,0,0,0,0,0,0,0,0,0,0,0,0,0,0,0,0,0,0,0,0,0,0,21.0405,7.38072,7.38072,0,0,0,0,0,0,0,0,0,0,0,0,0,0,0,0,0,0,0.232575,0,"short-ncrna"
0,0,0,0,0,0,0,0,0,0,0,0,0,0,0,0,0,0,0,0,0,0,0,0,0,0,0,0,0,0,0,0,0,0,0,0,0,0,0,0,0,0,181.656,9.3849,9.3849,0,0,0,0,0,0,0,0,0,0,0,0,0,0,0,0,0,0,0,0,0,0,0,0,0,0,0,0,0,0,0,0,0,62.1564,9.12887,9.12887,0,0,0,0,0,0,0,0,0,0,0,0,0,0,0,0,0,0,1.54156,53.3703,"short-ncrna"
0,0,0,0,0,0,0,0,0,0,0,0,0,0,0,0,0,0,0,0,0,0,0,0,0,0,0,0,0,0,0,0,0,0,0,0,0,0,0,62.9667,21.98858,9.68525,5.02215,25.9478,5.02215,1124.97,20.33917,20.3392,0,0,0,77.9154,10.21577,10.2158,5.31586,5.31586,5.31586,0.848014,3.03328,0.848014,0,0,0,4.01869,4.01869,4.01869,5.65626,3.61166,2.97664,0,0,0,0,0,0,0,0,0,0,0,0,0,0,0,0,0,0,0.364268,3.38769,0.364268,0,0,0,0,0,0,0,0,0,2.99639,76.6541,"short-ncrna"
0,0,0,0,0,0,0,0,0,0,0,0,0,0,0,0,0,0,0,0,0,0,0,0,0,0,0,0,0,0,0,0,0,0,0,0,0,0,0,1.43688,5.66301,1.43688,0,0,0,0,0,0,0,0,0,0,0,0,0,0,0,0,0,0,0,0,0,0,0,0,0,0,0,0,0,0,0,0,0,2.21284,3.15448,2.21284,3.01273,3.67005,3.01273,0,0,0,0,0,0,0,0,0,0,0,0,0,0,0,0,0,0,0,0,"short-ncrna"
0,0,0,0,0,0,0,0,0,0,0,0,0,0,0,0,0,0,0,0,0,0,0,0,0,0,0,0,0,0,0,0,0,0,0,0,0,0,0,51.9499,14.14072,14.1407,0,0,0,2239.82,20.02819,20.0282,0,0,0,36.4809,6.34937,6.22452,0,0,0,3.99852,5.56657,3.99852,0,0,0,6.98099,6.98099,6.98099,0,0,0,0,0,0,0,0,0,0,0,0,15.0175,14.95163,14.9516,0,0,0,0,0,0,12.9597,4.18028,4.18028,0,0,0,0,0,0,0,0,0,3.55582,0,"short-ncrna"
0,0,0,0,0,0,0,0,0,0,0,0,0,0,0,0,0,0,0,0,0,0,0,0,0,0,0,0,0,0,0,0,0,0,0,0,0,0,0,0,0,0,8.92026,4.68395,4.68395,15.866,5.04132,5.04132,0,0,0,0,0,0,0,0,0,0,0,0,0,0,0,0,0,0,0,0,0,0,0,0,0,0,0,0,0,0,950.414,29.75073,29.7507,0,0,0,0,0,0,0,0,0,0,0,0,0.169439,4.57486,0.169439,0,0,0,0.278457,69.3985,"short-ncrna"
0,0,0,0,0,0,0,0,0,0,0,0,0,0,0,0,0,0,0,0,0,0,0,0,0,0,0,0,0,0,0,0,0,0,0,0,0,0,0,2.9646,2.9646,2.9646,0,0,0,61.2061,6.40863,6.40863,0,0,0,0,0,0,0,0,0,0,0,0,0,0,0,0,0,0,0,0,0,0,0,0,0,0,0,3.46735,3.46735,3.46735,0,0,0,0,0,0,0,0,0,0,0,0,0,0,0,0,0,0,0,0,0,0,69.9812,"short-ncrna"
121.144,19.87291,19.8729,0,0,0,0,0,0,0,0,0,0,0,0,0,0,0,0,0,0,0,0,0,0.331155,2.32587,0.276889,5.47918,5.47918,5.47918,4.77805,4.77805,4.77805,3.79697,3.79697,3.79697,10.9898,6.16794,6.16794,1162.96,46.35135,46.3513,3047.13,55.46908,55.4691,25.1699,17.64897,17.649,0,0,0,1598.34,21.02332,21.0233,944.25,37.89098,37.891,10554.7,122.05955,122.06,5.764,9.88114,5.764,0,0,0,10.163,5.65487,5.65487,293.801,19.79896,19.799,0,0,0,0,0,0,46.368,6.14299,6.14299,0,0,0,0,0,0,65.8894,9.24134,9.24134,0,0,0,0,0,0,0,0,0,18.9037,2.76541,"short-ncrna"
0,0,0,0,0,0,0,0,0,0,0,0,0,0,0,0,0,0,0,0,0,0,0,0,0,0,0,0,0,0,0,0,0,0,0,0,0,0,0,0,0,0,22.0999,12.69072,12.6907,36.3551,7.52691,7.52691,0,0,0,0,0,0,0,0,0,5.08184,3.35654,2.61064,0,0,0,0,0,0,0,0,0,0,0,0,0,0,0,0,0,0,1686.28,35.57152,35.5715,0,0,0,0,0,0,0,0,0,0,0,0,0,0,0,0,0,0,0.302601,75.4624,"short-ncrna"
0.609155,2.47354,0.609155,0,0,0,0,0,0,0,0,0,0,0,0,0,0,0,0,0,0,0,0,0,0,0,0,0,0,0,0,0,0,0,0,0,0,0,0,0,0,0,0,0,0,353.713,11.18788,11.1879,0,0,0,4.35162,4.35162,4.35162,0,0,0,0,0,0,0,0,0,0,0,0,0,0,0,0,0,0,0,0,0,0,0,0,1.6877,6.46147,1.6877,0,0,0,0,0,0,0,0,0,0,0,0,0,0,0,0,0,0,2.39052,0,"short-ncrna"
0,0,0,0,0,0,0,0,0,0,0,0,0,0,0,0,0,0,0,0,0,0,0,0,0,0,0,0,0,0,0,0,0,0,0,0,0,0,0,0,0,0,0,0,0,0,0,0,0,0,0,0,0,0,0,0,0,0,0,0,0,0,0,0,0,0,0,0,0,0,0,0,0,0,0,0,0,0,8.27157,4.63326,4.63326,0,0,0,0,0,0,0,0,0,0,0,0,0,0,0,0,0,0,18.2173,0.341763,"short-ncrna"
0,0,0,0,0,0,0,0,0,0,0,0,0,0,0,0,0,0,0,0,0,0,0,0,0,0,0,0,0,0,0,0,0,0,0,0,0,0,0,0,0,0,105.943,5.69829,5.69829,44.2221,5.37285,5.37285,0,0,0,0,0,0,0,0,0,7.58697,7.58697,7.58697,0,0,0,0,0,0,0,0,0,0,0,0,0,0,0,0,0,0,0,0,0,0,0,0,0,0,0,4.24313,4.24313,4.24313,0,0,0,0,0,0,0,0,0,2.46995,83.4737,"short-ncrna"
0,0,0,0,0,0,0,0,0,0,0,0,0,0,0,0,0,0,0,0,0,0,0,0,3.31108,3.31108,3.31108,0,0,0,0,0,0,0,0,0,0,0,0,0,0,0,0,0,0,149.728,24.75092,22.778,0,0,0,0,0,0,0,0,0,0,0,0,0,0,0,0,0,0,10.2035,9.37337,7.7848,0,0,0,0,0,0,0,0,0,0,0,0,0,0,0,0,0,0,0,0,0,0,0,0,0,0,0,0,0,0,0,0,"short-ncrna"
27.5772,7.38584,7.38584,0,0,0,0,0,0,0,0,0,0,0,0,0,0,0,0,0,0,0,0,0,9.72843,6.01599,6.01599,0,0,0,0,0,0,0,0,0,0,0,0,16.2152,5.61515,5.61515,1869.58,27.31718,27.3172,0,0,0,0,0,0,156.614,6.58387,6.58387,40.0334,16.9896,9.03835,314.672,21.60223,21.6022,4.71287,4.71287,4.71287,0,0,0,0,0,0,7.42811,7.42811,7.42811,0,0,0,0,0,0,8.69487,8.69487,8.69487,0,0,0,0,0,0,0,0,0,0,0,0,0,0,0,0,0,0,5.40353,54.9737,"short-ncrna"
0,0,0,3.80903,4.3127,3.80903,3.54135,3.54135,3.54135,0,0,0,0,0,0,0,0,0,0,0,0,3.58951,3.9341,3.58951,19.4451,4.13587,4.13587,0,0,0,0,0,0,4.92964,4.44977,4.11764,0,0,0,570.204,36.67394,36.6739,0,0,0,3537.52,60.83229,60.8323,0,0,0,940.269,17.25223,17.2522,103.805,7.14478,7.14478,62.5132,8.42571,8.42571,0,0,0,27.0529,7.34878,7.34878,390.649,27.39567,27.3957,36.6996,6.24093,6.24093,4.09809,4.09809,4.09809,0,0,0,0,0,0,0,0,0,0,0,0,551.515,19.48323,19.4832,0,0,0,0,0,0,0,0,0,15.8167,79.7716,"short-ncrna"
304.871,25.30223,25.3022,2.51766,4.98496,2.51766,0,0,0,3.77306,5.33618,3.77306,3.60227,6.27595,2.53574,0.14688,3.63528,0.14688,0,0,0,14.3141,10.77846,10.7785,7.782,8.49263,4.38099,13.6682,11.67873,7.17997,15.2831,11.02492,7.34995,6.31716,5.25921,4.29848,1.04234,3.82193,1.04234,8390.34,94.00114,94.0011,25.9216,17.42227,12.1428,47.5453,11.34237,11.3424,2.86376,7.13896,1.85421,90.5528,8.6954,8.50622,1062.22,58.79537,58.7954,26071.3,150.13077,150.131,16.8917,18.37668,16.8917,10.1339,10.1339,10.1339,20.6014,11.5473,9.33115,1601.88,39.64845,39.6484,0,0,0,0,0,0,0,0,0,0,0,0,6.11256,7.56429,6.11256,0,0,0,0,0,0,23.2726,10.74478,7.83319,9.40743,9.40743,9.40743,42.4564,0.408421,"short-ncrna"
0,0,0,0,0,0,0,0,0,0,0,0,0,0,0,0,0,0,0,0,0,0,0,0,8.21819,4.61394,4.61394,0,0,0,0,0,0,0.433126,4.14054,0.389996,0,0,0,249.472,81.36498,81.365,0,0,0,2190.93,53.68612,53.6861,3.79793,3.79793,3.79793,89.0789,18.12506,18.1251,5.99087,3.59696,3.59696,52.3002,36.34526,36.3453,0,0,0,5.71181,3.85097,2.98404,179.711,17.70491,17.7049,40.7323,4.81264,4.81264,0,0,0,0,0,0,0,0,0,0,0,0,0,0,0,357.056,16.30448,16.3045,0,0,0,0,0,0,0,0,0,3.19878,78.5421,"short-ncrna"
52.9678,18.84451,18.8445,0,0,0,0,0,0,0,0,0,0,0,0,0,0,0,0,0,0,0,0,0,0,0,0,0,0,0,0,0,0,0,0,0,0,0,0,2736.25,31.93193,31.9319,494.636,47.28707,47.2871,168.33,20.77227,20.7723,0,0,0,245.545,10.72293,10.7229,1017.3,46.93098,46.931,13524.4,104.03075,104.031,0,0,0,0,0,0,4.38408,4.38408,4.38408,877.851,30.66123,30.6612,0,0,0,0,0,0,145.005,23.34364,23.3436,0,0,0,0,0,0,0,0,0,0,0,0,0,0,0,0,0,0,16.6429,0.405388,"short-ncrna"
