Chromosome,Start,End,ID,Functional,methylome
chr1,1213663,1213785,RNA1,Yes,43.1162
chr1,1320996,1321093,RNA2,Yes,64.6729
chr1,1452046,1452122,RNA3,Yes,82.515
chr1,1722708,1722831,RNA4,Yes,66.6748
chr1,2055441,2055562,RNA5,Yes,86.4558
chr1,3602466,3602600,RNA6,Yes,80.1155
chr1,3773063,3773181,RNA7,Yes,21.7022
chr1,3852295,3852421,RNA8,Yes,85.8186
chr1,6168150,6168277,RNA9,Yes,72.881
chr1,7962763,7962875,RNA10,Yes,82.453
chr1,8874824,8874917,RNA11,Yes,79.8778
chr1,9069504,9069594,RNA12,Yes,48.881
chr1,10469177,10469338,RNA13,Yes,89.7068
chr1,11046891,11047119,RNA14,Yes,82.4146
chr1,12580523,12580666,RNA15,Yes,74.4563
chr1,14960684,14960875,RNA16,Yes,88.216
chr1,14960684,14960875,RNA17,Yes,88.216
chr1,15440300,15440391,RNA18,Yes,77.7284
chr1,15737929,15737994,RNA19,Yes,71.3221
chr1,15764964,15765233,RNA20,Yes,77.1507
chr1,18634303,18634538,RNA21,Yes,11.4976
chr1,18890012,18890105,RNA22,Yes,84.9429
chr1,19201718,19201815,RNA23,Yes,81.0451
chr1,21290070,21290156,RNA24,Yes,3.68835
chr1,21560626,21560745,RNA25,Yes,65.6003
chr1,23524383,23524488,RNA26,Yes,59.0282
chr1,23978713,23978817,RNA27,Yes,28.6992
chr1,24180731,24180854,RNA28,Yes,75.4912
chr1,24595424,24595512,RNA29,Yes,58.6353
chr1,25823019,25823128,RNA30,Yes,68.1692
chr1,25904664,25904738,RNA31,Yes,32.1241
chr1,26066268,26066440,RNA32,Yes,73.1583
chr1,26432891,26433008,RNA33,Yes,40.8346
chr1,27789562,27789631,RNA34,Yes,0
chr1,27914063,27914169,RNA35,Yes,1.00418
chr1,32154588,32154721,RNA36,Yes,84.3
chr1,32361730,32361876,RNA37,Yes,14.8451
chr1,33270487,33270612,RNA38,Yes,75.2481
chr1,35093914,35094083,RNA39,Yes,86.9248
chr1,36084870,36085077,RNA40,Yes,66.9105
chr1,38998171,38998311,RNA41,Yes,80.6861
chr1,40092398,40092507,RNA42,Yes,82.5451
chr1,40454203,40454288,RNA43,Yes,88.8308
chr1,40738836,40738948,RNA44,Yes,74.3806
chr1,40983278,40983456,RNA45,Yes,0
chr1,42767509,42767624,RNA46,Yes,0.433271
chr1,43270681,43270793,RNA47,Yes,12.5205
chr1,46080642,46080750,RNA48,Yes,0
chr1,47229654,47229771,RNA49,Yes,16.0277
chr1,51112464,51112569,RNA50,Yes,59.0075
chr1,53326873,53326992,RNA51,Yes,0.420369
chr1,57883999,57884162,RNA52,Yes,68.282
chr1,58695129,58695207,RNA53,Yes,0
chr1,62439799,62440037,RNA54,Yes,0
chr1,66754656,66754777,RNA55,Yes,82.4868
chr1,66926142,66926242,RNA56,Yes,24.4669
chr1,68193955,68194227,RNA57,Yes,80.9286
chr1,77641522,77641655,RNA58,Yes,82.9568
chr1,77745421,77745599,RNA59,Yes,83.8966
chr1,89171746,89171954,RNA60,Yes,84.0113
chr1,94540257,94540368,RNA61,Yes,76.0752
chr1,103617954,103618100,RNA62,Yes,0
chr1,103656285,103656498,RNA63,Yes,0
chr1,108659864,108659962,RNA64,Yes,86.9887
chr1,109223978,109224048,RNA65,Yes,87.9737
chr1,109625303,109625433,RNA66,Yes,75.0889
chr1,110009034,110009145,RNA67,Yes,88.4774
chr1,111691334,111691417,RNA68,Yes,81.312
chr1,114780110,114780215,RNA69,Yes,1.87218
chr1,120029906,120029987,RNA70,Yes,27.4323
chr1,120763628,120763709,RNA71,Yes,31.8797
chr1,144459366,144459483,RNA72,Yes,70.5489
chr1,145724801,145724906,RNA73,Yes,89.562
chr1,150694656,150694850,RNA74,Yes,85.282
chr1,153636572,153636653,RNA75,Yes,90.9639
chr1,153776518,153776727,RNA76,Yes,67.1798
chr1,153955065,153955166,RNA77,Yes,84.4474
chr1,154555860,154555964,RNA78,Yes,75.8947
chr1,154953671,154953757,RNA79,Yes,58.0714
chr1,154969378,154969448,RNA80,Yes,47.9455
chr1,155192183,155192283,RNA81,Yes,63.4549
chr1,155240630,155240717,RNA82,Yes,41.8759
chr1,156130617,156130773,RNA83,Yes,72.1247
chr1,156154550,156154717,RNA84,Yes,61.0395
chr1,156620018,156620158,RNA85,Yes,50.4098
chr1,156923949,156924098,RNA86,Yes,7.35607
chr1,156986082,156986173,RNA87,Yes,92.1253
chr1,159893180,159893305,RNA88,Yes,79.7528
chr1,160192802,160192886,RNA89,Yes,60.485
chr1,160340181,160340294,RNA90,Yes,73.3835
chr1,160344722,160344826,RNA91,Yes,88.3515
chr1,160884820,160884883,RNA92,Yes,33.718
chr1,162792659,162792862,RNA93,Yes,85.1135
chr1,163326032,163326174,RNA94,Yes,88.8496
chr1,165695252,165695397,RNA95,Yes,71.2494
chr1,167073385,167073539,RNA96,Yes,79.6832
chr1,172445073,172445158,RNA97,Yes,0
chr1,183633082,183633154,RNA98,Yes,0
chr1,185160833,185160925,RNA99,Yes,0
chr1,186854286,186854387,RNA100,Yes,33.8195
chr1,192159220,192159321,RNA101,Yes,56.9737
chr1,196825477,196825671,RNA102,Yes,69.7857
chr1,196982885,196983079,RNA103,Yes,77.3778
chr1,202159281,202159454,RNA104,Yes,66.0226
chr1,202335646,202335818,RNA105,Yes,87.8797
chr1,202966749,202966898,RNA106,Yes,11.5639
chr1,203007774,203007863,RNA107,Yes,0.741353
chr1,204149703,204149962,RNA108,Yes,76.4515
chr1,204525484,204525596,RNA109,Yes,0
chr1,205993420,205993546,RNA110,Yes,56.4624
chr1,207090308,207090481,RNA111,Yes,78.7957
chr1,207677389,207677568,RNA112,Yes,86.2206
chr1,209594955,209595075,RNA113,Yes,70.4887
chr1,209772948,209773019,RNA114,Yes,0
chr1,211829059,211829323,RNA115,Yes,62.2726
chr1,220881194,220881373,RNA116,Yes,25.7665
chr1,222715684,222715800,RNA117,Yes,0
chr1,223654330,223654399,RNA118,Yes,70.2206
chr1,227925263,227925519,RNA119,Yes,76.8813
chr1,228022667,228022908,RNA120,Yes,77.8183
chr1,229286486,229286566,RNA121,Yes,0
chr1,229506040,229506158,RNA122,Yes,67.9962
chr1,230755337,230755406,RNA123,Yes,62.2782
chr1,233346442,233346622,RNA124,Yes,81.4311
chr1,235160893,235161067,RNA125,Yes,0.366071
chr1,236523970,236524061,RNA126,Yes,2.32223
chr1,241355699,241355826,RNA127,Yes,78.735
chr1,246999912,247000074,RNA128,Yes,79.0188
chr1,248844483,248844636,RNA129,Yes,87.4185
chr10,992489,992659,RNA130,Yes,87.2617
chr10,12186229,12186332,RNA131,Yes,71.3365
chr10,14839905,14839985,RNA132,Yes,79.485
chr10,37129893,37130007,RNA133,Yes,66.1805
chr10,45307739,45307808,RNA134,Yes,75.0244
chr10,46379885,46379975,RNA135,Yes,0.37594
chr10,47353325,47353515,RNA136,Yes,77.8647
chr10,50248484,50248646,RNA137,Yes,77.1466
chr10,54664172,54664290,RNA138,Yes,63.2406
chr10,60279538,60279639,RNA139,Yes,80.094
chr10,67823314,67823392,RNA140,Yes,0
chr10,69483691,69483876,RNA141,Yes,82.3714
chr10,69631480,69631547,RNA142,Yes,82.5113
chr10,70123907,70124097,RNA143,Yes,84.1339
chr10,71439827,71439898,RNA144,Yes,70.1767
chr10,72223888,72224056,RNA145,Yes,56.1353
chr10,73479317,73479517,RNA146,Yes,84.1325
chr10,86656155,86656300,RNA147,Yes,78.9536
chr10,86956330,86956425,RNA148,Yes,61.7794
chr10,88582202,88582307,RNA149,Yes,76.7519
chr10,89705294,89705441,RNA150,Yes,82.1034
chr10,94687770,94687932,RNA151,Yes,0
chr10,95194465,95194677,RNA152,Yes,79.4229
chr10,95271633,95271784,RNA153,Yes,85.3872
chr10,96833406,96833479,RNA154,Yes,0.431579
chr10,97400305,97400534,RNA155,Yes,22.7346
chr10,97650941,97651141,RNA156,Yes,87.1617
chr10,99659862,99659964,RNA157,Yes,1.21429
chr10,99729553,99729734,RNA158,Yes,89.7694
chr10,100261979,100262063,RNA159,Yes,0
chr10,101594658,101594738,RNA160,Yes,83.1767
chr10,102490549,102490613,RNA161,Yes,83.8985
chr10,102654653,102654748,RNA162,Yes,74.3073
chr10,102705346,102705489,RNA163,Yes,91.3985
chr10,103348900,103348999,RNA164,Yes,92.515
chr10,104255163,104255271,RNA165,Yes,1.13233
chr10,114340603,114340731,RNA166,Yes,86.1391
chr10,119326516,119326611,RNA167,Yes,86.1303
chr10,119751076,119751156,RNA168,Yes,0
chr10,125721204,125721412,RNA169,Yes,79.8252
chr10,132333477,132333734,RNA170,Yes,76.4737
chr11,534212,534375,RNA171,Yes,81.338
chr11,755879,756002,RNA172,Yes,88.5047
chr11,834530,834591,RNA173,Yes,33.0789
chr11,1295645,1295794,RNA174,Yes,86.0094
chr11,3042165,3042256,RNA175,Yes,83.9079
chr11,4767270,4767341,RNA176,Yes,41.8759
chr11,8651800,8651903,RNA177,Yes,84.6353
chr11,9694146,9694286,RNA178,Yes,74.6541
chr11,14295768,14295855,RNA179,Yes,87.0959
chr11,17282789,17282943,RNA180,Yes,86.0256
chr11,17548135,17548212,RNA181,Yes,45.6203
chr11,18247921,18248015,RNA182,Yes,41.609
chr11,18266884,18266978,RNA183,Yes,40.0883
chr11,20388019,20388154,RNA184,Yes,0.401003
chr11,30580246,30580494,RNA185,Yes,79.2904
chr11,32097144,32097337,RNA186,Yes,82.6147
chr11,34108211,34108333,RNA187,Yes,91.9692
chr11,45855982,45856090,RNA188,Yes,78.3759
chr11,46987208,46987310,RNA189,Yes,86.8421
chr11,47847848,47847959,RNA190,Yes,0.606874
chr11,58724416,58724511,RNA191,Yes,0
chr11,60089692,60089821,RNA192,Yes,62.5301
chr11,60183136,60183331,RNA193,Yes,50.703
chr11,60292225,60292384,RNA194,Yes,0
chr11,60462359,60462533,RNA195,Yes,76.7312
chr11,61965369,61965515,RNA196,Yes,40.8233
chr11,62611425,62611596,RNA197,Yes,54.0811
chr11,62839507,62839659,RNA198,Yes,0.340659
chr11,64225499,64225580,RNA199,Yes,20.6617
chr11,64254415,64254492,RNA200,Yes,84.4962
chr11,65860973,65861102,RNA201,Yes,0.612077
chr11,65919780,65919852,RNA202,Yes,0.525779
chr11,66271797,66271869,RNA203,Yes,84.9361
chr11,66288081,66288292,RNA204,Yes,52.4447
chr11,66335978,66336158,RNA205,Yes,6.3515
chr11,67442428,67442630,RNA206,Yes,78.4317
chr11,67634996,67635263,RNA207,Yes,53.6406
chr11,70405265,70405361,RNA208,Yes,82.2105
chr11,73468405,73468492,RNA209,Yes,77.532
chr11,74168344,74168613,RNA210,Yes,89.3241
chr11,76446900,76447008,RNA211,Yes,89.3308
chr11,83198479,83198558,RNA212,Yes,84.4549
chr11,93788001,93788167,RNA213,Yes,0
chr11,94972055,94972193,RNA214,Yes,0
chr11,101922641,101922760,RNA215,Yes,88.5195
chr11,102722429,102722673,RNA216,Yes,71.885
chr11,103089227,103089318,RNA217,Yes,0
chr11,105034208,105034474,RNA218,Yes,65.161
chr11,107815790,107815965,RNA219,Yes,84.2895
chr11,108461479,108461568,RNA220,Yes,0
chr11,110279681,110279756,RNA221,Yes,81.0827
chr11,110435834,110435958,RNA222,Yes,58.7519
chr11,111964549,111964678,RNA223,Yes,87.7105
chr11,112026198,112026299,RNA224,Yes,32.188
chr11,113202379,113202453,RNA225,Yes,67.1203
chr11,116837345,116837407,RNA226,Yes,74.0865
chr11,117181416,117181537,RNA227,Yes,22.2132
chr11,118663339,118663439,RNA228,Yes,70.5263
chr11,124675238,124675418,RNA229,Yes,87.6286
chr11,126210890,126211055,RNA230,Yes,5.86419
chr11,126271437,126271657,RNA231,Yes,83.1245
chr11,130188114,130188273,RNA232,Yes,76.1176
chr11,130461489,130461621,RNA233,Yes,69.5414
chr11,134234897,134235053,RNA234,Yes,90.4177
chr12,2959948,2960040,RNA235,Yes,1.35543
chr12,6225426,6225534,RNA236,Yes,84.5573
chr12,9203768,9203951,RNA237,Yes,82.1692
chr12,9862499,9862573,RNA238,Yes,0
chr12,10089124,10089222,RNA239,Yes,40.1278
chr12,10169074,10169175,RNA240,Yes,65.3383
chr12,10309388,10309480,RNA241,Yes,77.5977
chr12,10388771,10388875,RNA242,Yes,71.4143
chr12,10450970,10451187,RNA243,Yes,68.4511
chr12,16354231,16354378,RNA244,Yes,0
chr12,20699552,20699705,RNA245,Yes,0
chr12,31960777,31960871,RNA246,Yes,19.4912
chr12,45302014,45302093,RNA247,Yes,91.5952
chr12,49129500,49129722,RNA248,Yes,56.578
chr12,49566722,49566841,RNA249,Yes,82.9135
chr12,49963492,49963656,RNA250,Yes,79.6842
chr12,51118621,51118772,RNA251,Yes,83.2838
chr12,51345795,51345877,RNA252,Yes,67.9722
chr12,53300150,53300262,RNA253,Yes,1.98571
chr12,54499355,54499465,RNA254,Yes,82.7199
chr12,56023671,56023764,RNA255,Yes,83.2105
chr12,56216429,56216613,RNA256,Yes,83.641
chr12,56315130,56315242,RNA257,Yes,27.469
chr12,57048210,57048343,RNA258,Yes,63.8872
chr12,69586270,69586344,RNA259,Yes,10.735
chr12,101476828,101476907,RNA260,Yes,0
chr12,102061248,102061346,RNA261,Yes,44.9023
chr12,102118363,102118583,RNA262,Yes,88.4336
chr12,103590897,103591030,RNA263,Yes,76.1609
chr12,104288931,104289040,RNA264,Yes,0.484545
chr12,107022084,107022192,RNA265,Yes,88.2168
chr12,112446276,112446398,RNA266,Yes,82.4361
chr12,118052310,118052478,RNA267,Yes,50.4375
chr12,120325861,120326020,RNA268,Yes,9.08715
chr12,120727026,120727189,RNA269,Yes,85.2368
chr12,123586747,123586939,RNA270,Yes,89.4925
chr12,123973886,123974020,RNA271,Yes,0.571115
chr12,125073876,125073979,RNA272,Yes,84.4643
chr13,20868596,20868701,RNA273,Yes,86.1015
chr13,25274071,25274187,RNA274,Yes,87.7932
chr13,33167551,33167622,RNA275,Yes,85.9352
chr13,33821132,33821269,RNA276,Yes,85.391
chr13,36201879,36202093,RNA277,Yes,82.0426
chr13,43667442,43667544,RNA278,Yes,76.6015
chr13,44982072,44982154,RNA279,Yes,79.0376
chr13,48691212,48691301,RNA280,Yes,0
chr13,49669777,49669846,RNA281,Yes,46.5395
chr13,49931018,49931134,RNA282,Yes,82.3346
chr13,49997667,49997763,RNA283,Yes,0.366541
chr13,60439688,60439772,RNA284,Yes,0
chr13,71681795,71681910,RNA285,Yes,82.1391
chr13,103058264,103058382,RNA286,Yes,79.8113
chr13,112785135,112785257,RNA287,Yes,88.5466
chr13,113106845,113106910,RNA288,Yes,60.5797
chr14,24188552,24188638,RNA289,Yes,0.455263
chr14,24211680,24211829,RNA290,Yes,0
chr14,39176078,39176149,RNA291,Yes,2.18421
chr14,54436369,54436437,RNA292,Yes,0
chr14,59479182,59479351,RNA293,Yes,92.032
chr14,64804939,64805090,RNA294,Yes,90.3261
chr14,73409937,73410068,RNA295,Yes,88.4117
chr14,73858816,73858899,RNA296,Yes,82.8008
chr14,81062148,81062219,RNA297,Yes,0
chr14,91416738,91416838,RNA298,Yes,21.9549
chr14,103797371,103797518,RNA299,Yes,84.9605
chr14,104092633,104092741,RNA300,Yes,79.4922
chr14,104586415,104586541,RNA301,Yes,45.8036
chr14,104735020,104735122,RNA302,Yes,76.8922
chr15,30630703,30630773,RNA303,Yes,0
chr15,31689359,31689481,RNA304,Yes,70.3997
chr15,41342386,41342454,RNA305,Yes,0
chr15,41536945,41537201,RNA306,Yes,86.0617
chr15,45131471,45131662,RNA307,Yes,0
chr15,51576056,51576181,RNA308,Yes,0
chr15,52433175,52433285,RNA309,Yes,50.8045
chr15,53732997,53733161,RNA310,Yes,64.0514
chr15,56464026,56464247,RNA311,Yes,82.5439
chr15,59107322,59107450,RNA312,Yes,87.5602
chr15,59272306,59272449,RNA313,Yes,84.1786
chr15,64848593,64848742,RNA314,Yes,82.9449
chr15,65129032,65129170,RNA315,Yes,88.6015
chr15,75620894,75621056,RNA316,Yes,53.4389
chr15,75725108,75725218,RNA317,Yes,78.1934
chr15,76134168,76134301,RNA318,Yes,64.6015
chr15,82261688,82261797,RNA319,Yes,0
chr15,82627193,82627367,RNA320,Yes,67.3095
chr15,83163999,83164075,RNA321,Yes,80.8534
chr15,83559253,83559321,RNA322,Yes,64.0451
chr15,89910744,89910819,RNA323,Yes,81.3665
chr16,642120,642249,RNA324,Yes,0.335471
chr16,787556,787744,RNA325,Yes,33.2677
chr16,1413846,1414055,RNA326,Yes,2.84246
chr16,1941257,1941405,RNA327,Yes,79.9355
chr16,1961153,1961291,RNA328,Yes,58.8818
chr16,2460283,2460381,RNA329,Yes,1.3868
chr16,3021215,3021319,RNA330,Yes,1.1121
chr16,4332215,4332452,RNA331,Yes,79.0354
chr16,5062425,5062574,RNA332,Yes,81.2773
chr16,5095452,5095514,RNA333,Yes,84.8609
chr16,10895282,10895428,RNA334,Yes,39.2932
chr16,14744837,14744930,RNA335,Yes,1.4411
chr16,16333647,16333884,RNA336,Yes,33.9599
chr16,20460107,20460291,RNA337,Yes,55.4762
chr16,23642955,23643023,RNA338,Yes,83.1617
chr16,23755661,23755733,RNA339,Yes,40.2281
chr16,25128475,25128566,RNA340,Yes,0
chr16,28608708,28608859,RNA341,Yes,65.8845
chr16,28952132,28952204,RNA342,Yes,71.0113
chr16,30748803,30748915,RNA343,Yes,0.717293
chr16,31001529,31001603,RNA344,Yes,83.3596
chr16,31355893,31355998,RNA345,Yes,80.2368
chr16,31394236,31394341,RNA346,Yes,79.4947
chr16,46618205,46618372,RNA347,Yes,87.7068
chr16,46885467,46885577,RNA348,Yes,46.6889
chr16,48252131,48252365,RNA349,Yes,72.5965
chr16,49377731,49377850,RNA350,Yes,55.7246
chr16,50066367,50066539,RNA351,Yes,0.376566
chr16,55828767,55828971,RNA352,Yes,73.8878
chr16,56514453,56514680,RNA353,Yes,80.9574
chr16,66995628,66995829,RNA354,Yes,87.3835
chr16,67538424,67538550,RNA355,Yes,14.3484
chr16,68645636,68645750,RNA356,Yes,5.35133
chr16,69718370,69718534,RNA357,Yes,82.5611
chr16,74300115,74300206,RNA358,Yes,86.5576
chr16,75414578,75414695,RNA359,Yes,0
chr16,77816921,77817050,RNA360,Yes,51.3327
chr16,80543276,80543351,RNA361,Yes,0
chr16,80997314,80997429,RNA362,Yes,28.6617
chr16,81066193,81066281,RNA363,Yes,91.5902
chr16,84149007,84149142,RNA364,Yes,79.4173
chr16,84194006,84194221,RNA365,Yes,75.7989
chr16,85633914,85634132,RNA366,Yes,84.6491
chr16,85801205,85801278,RNA367,Yes,84.0508
chr16,88901504,88901656,RNA368,Yes,74.9887
chr16,89689252,89689324,RNA369,Yes,89.9718
chr16,89815877,89815986,RNA370,Yes,6.04637
chr17,998779,998975,RNA371,Yes,71.7845
chr17,1684472,1684582,RNA372,Yes,0.364192
chr17,1709804,1709886,RNA373,Yes,7.32613
chr17,2343545,2343620,RNA374,Yes,0
chr17,3777540,3777660,RNA375,Yes,81.6908
chr17,4780789,4780869,RNA376,Yes,66.9098
chr17,6641753,6641834,RNA377,Yes,8.55263
chr17,7015062,7015156,RNA378,Yes,0.755326
chr17,7241601,7241679,RNA379,Yes,18.2632
chr17,7719721,7719900,RNA380,Yes,60.6034
chr17,9568371,9568470,RNA381,Yes,90.609
chr17,17907447,17907531,RNA382,Yes,82.3102
chr17,19360320,19360388,RNA383,Yes,86.386
chr17,21172018,21172196,RNA384,Yes,86.7063
chr17,28331859,28331987,RNA385,Yes,0
chr17,29621224,29621484,RNA386,Yes,84.9724
chr17,32351786,32351912,RNA387,Yes,0
chr17,34959587,34959650,RNA388,Yes,82.9962
chr17,37411269,37411390,RNA389,Yes,87.2895
chr17,37987449,37987521,RNA390,Yes,0
chr17,38005560,38005632,RNA391,Yes,0
chr17,38753150,38753334,RNA392,Yes,3.6432
chr17,39870694,39870819,RNA393,Yes,72.7406
chr17,40053469,40053635,RNA394,Yes,72.0965
chr17,42232000,42232137,RNA395,Yes,89.359
chr17,42659834,42659946,RNA396,Yes,14.4854
chr17,42979550,42979663,RNA397,Yes,75.2801
chr17,43781119,43781189,RNA398,Yes,80.619
chr17,44074160,44074266,RNA399,Yes,0
chr17,44386010,44386131,RNA400,Yes,26.1353
chr17,44900990,44901141,RNA401,Yes,34
chr17,45962321,45962470,RNA402,Yes,84.7658
chr17,46299794,46299865,RNA403,Yes,0
chr17,46929520,46929584,RNA404,Yes,53.1516
chr17,47840670,47840843,RNA405,Yes,2.60729
chr17,47943306,47943430,RNA406,Yes,0
chr17,48573837,48574014,RNA407,Yes,41.2124
chr17,50145113,50145245,RNA408,Yes,70.224
chr17,51079584,51079704,RNA409,Yes,91.6767
chr17,61457537,61457631,RNA410,Yes,15.2622
chr17,62801646,62801752,RNA411,Yes,83.7155
chr17,63009537,63009626,RNA412,Yes,90.1692
chr17,63910745,63910924,RNA413,Yes,59.5075
chr17,63972352,63972470,RNA414,Yes,87.4079
chr17,63998707,63998782,RNA415,Yes,2.98308
chr17,67018189,67018272,RNA416,Yes,76.5865
chr17,68514987,68515119,RNA417,Yes,37.1842
chr17,74964483,74964632,RNA418,Yes,77.6681
chr17,75042529,75042659,RNA419,Yes,92.0338
chr17,75089151,75089304,RNA420,Yes,0
chr17,76212364,76212482,RNA421,Yes,84.1955
chr17,78190970,78191060,RNA422,Yes,89.859
chr17,80220916,80221115,RNA423,Yes,10.102
chr17,81166677,81166844,RNA424,Yes,34.3252
chr17,81512232,81512360,RNA425,Yes,0.638784
chr17,81685605,81685689,RNA426,Yes,83.9937
chr17,81890689,81890820,RNA427,Yes,10.6149
chr17,81917830,81917967,RNA428,Yes,0.532707
chr17,82419749,82419883,RNA429,Yes,75.1335
chr18,606978,607099,RNA430,Yes,76.1617
chr18,3253233,3253428,RNA431,Yes,82.1598
chr18,36033708,36033837,RNA432,Yes,0
chr18,37485525,37485607,RNA433,Yes,4.84539
chr18,46105194,46105368,RNA434,Yes,31.4226
chr18,46649155,46649269,RNA435,Yes,69.6195
chr18,50819581,50819702,RNA436,Yes,2.06532
chr18,50895809,50895928,RNA437,Yes,76.2763
chr18,76849526,76849668,RNA438,Yes,88.4746
chr18,79695225,79695308,RNA439,Yes,80.1786
chr19,890963,891149,RNA440,Yes,87.2778
chr19,1242456,1242609,RNA441,Yes,51.9893
chr19,3110149,3110333,RNA442,Yes,87.5907
chr19,3543235,3543473,RNA443,Yes,68.3679
chr19,3586495,3586680,RNA444,Yes,61.9192
chr19,4453930,4454093,RNA445,Yes,75.6696
chr19,5286050,5286234,RNA446,Yes,82.6376
chr19,5626405,5626489,RNA447,Yes,77.4699
chr19,6374203,6374376,RNA448,Yes,68.9892
chr19,6458198,6458324,RNA449,Yes,80.1898
chr19,9364862,9364948,RNA450,Yes,66.1128
chr19,9619432,9619582,RNA451,Yes,90.0677
chr19,9660720,9660874,RNA452,Yes,87.7218
chr19,11100223,11100345,RNA453,Yes,79.9903
chr19,11149094,11149238,RNA454,Yes,84.386
chr19,11298142,11298339,RNA455,Yes,79.969
chr19,11383097,11383232,RNA456,Yes,3.365
chr19,12807008,12807079,RNA457,Yes,4.90351
chr19,13937785,13938006,RNA458,Yes,15.9715
chr19,15052206,15052278,RNA459,Yes,74.1115
chr19,15124925,15125069,RNA460,Yes,2.40772
chr19,15615616,15615814,RNA461,Yes,57.5878
chr19,17420313,17420411,RNA462,Yes,3.96316
chr19,19096091,19096205,RNA463,Yes,81.6761
chr19,19599292,19599365,RNA464,Yes,81.4023
chr19,20024250,20024376,RNA465,Yes,0
chr19,20934024,20934150,RNA466,Yes,74.4586
chr19,33215769,33215973,RNA467,Yes,76.86
chr19,35526644,35526877,RNA468,Yes,75.8534
chr19,35629520,35629673,RNA469,Yes,23.3485
chr19,36008217,36008367,RNA470,Yes,60.6153
chr19,36111369,36111433,RNA471,Yes,72.4803
chr19,37470304,37470387,RNA472,Yes,0
chr19,38391946,38392114,RNA473,Yes,56.6682
chr19,38403338,38403486,RNA474,Yes,0.693267
chr19,39734997,39735073,RNA475,Yes,62.4812
chr19,40224722,40224811,RNA476,Yes,73.8824
chr19,40849818,40849980,RNA477,Yes,74.8992
chr19,40880479,40880628,RNA478,Yes,24.9035
chr19,41116178,41116359,RNA479,Yes,39.1617
chr19,41363432,41363523,RNA480,Yes,55.9239
chr19,42301950,42302039,RNA481,Yes,2.91604
chr19,43828202,43828281,RNA482,Yes,0
chr19,43988459,43988558,RNA483,Yes,65.9699
chr19,44055109,44055191,RNA484,Yes,0
chr19,44213090,44213244,RNA485,Yes,2.7843
chr19,44264314,44264375,RNA486,Yes,0
chr19,44751227,44751380,RNA487,Yes,71.7539
chr19,47503423,47503502,RNA488,Yes,89.9718
chr19,47834409,47834543,RNA489,Yes,81.9079
chr19,48249751,48249847,RNA490,Yes,67.3797
chr19,48271245,48271449,RNA491,Yes,2.99023
chr19,48365736,48365935,RNA492,Yes,84.1433
chr19,48390424,48390524,RNA493,Yes,6.40226
chr19,48587229,48587437,RNA494,Yes,78.073
chr19,48867537,48867626,RNA495,Yes,58.0009
chr19,48935000,48935111,RNA496,Yes,71.3647
chr19,49114849,49114967,RNA497,Yes,1.87507
chr19,49436549,49436801,RNA498,Yes,21.0126
chr19,49878143,49878241,RNA499,Yes,0.759398
chr19,50362172,50362313,RNA500,Yes,74.8459
chr19,50656050,50656122,RNA501,Yes,65.6366
chr19,51372161,51372307,RNA502,Yes,73.1717
chr19,51900093,51900294,RNA503,Yes,88.4925
chr19,55080772,55080854,RNA504,Yes,8.38308
chr19,55178963,55179086,RNA505,Yes,9.81328
chr19,55649002,55649077,RNA506,Yes,48.5956
chr19,55832826,55832915,RNA507,Yes,61.1992
chr19,56462338,56462429,RNA508,Yes,67.1353
chr19,57504657,57504786,RNA509,Yes,82.5451
chr19,57723214,57723340,RNA510,Yes,81.4098
chr19,58229468,58229570,RNA511,Yes,22.7682
chr19,58409941,58410091,RNA512,Yes,81.7218
chr19,58469180,58469306,RNA513,Yes,90.194
chr2,8826986,8827129,RNA514,Yes,83.0338
chr2,9845220,9845318,RNA515,Yes,86.5977
chr2,17745827,17745951,RNA516,Yes,82.5771
chr2,20645340,20645505,RNA517,Yes,84.939
chr2,24124330,24124460,RNA518,Yes,0
chr2,24564295,24564430,RNA519,Yes,0
chr2,24584476,24584560,RNA520,Yes,0
chr2,25313913,25314161,RNA521,Yes,78.3489
chr2,25956343,25956444,RNA522,Yes,78.1516
chr2,26414344,26414431,RNA523,Yes,71.8496
chr2,27128441,27128601,RNA524,Yes,78.2895
chr2,32087492,32087578,RNA525,Yes,0
chr2,32630523,32630700,RNA526,Yes,91.4624
chr2,36925105,36925208,RNA527,Yes,0
chr2,37191157,37191253,RNA528,Yes,0
chr2,37198494,37198672,RNA529,Yes,71.3684
chr2,45843000,45843063,RNA530,Yes,82.7293
chr2,48451008,48451076,RNA531,Yes,80.6353
chr2,53973713,53973810,RNA532,Yes,79.6701
chr2,54334817,54335024,RNA533,Yes,69.6184
chr2,61011765,61011905,RNA534,Yes,0
chr2,61533772,61533903,RNA535,Yes,51.0564
chr2,63051249,63051317,RNA536,Yes,1.62124
chr2,63594488,63594586,RNA537,Yes,0
chr2,66437737,66437963,RNA538,Yes,21.7987
chr2,69374006,69374113,RNA539,Yes,86.9586
chr2,70787649,70787801,RNA540,Yes,63.1466
chr2,73058528,73058596,RNA541,Yes,89.6532
chr2,73230113,73230213,RNA542,Yes,86.1711
chr2,86620330,86620469,RNA543,Yes,85.8872
chr2,87818559,87818623,RNA544,Yes,0
chr2,88084316,88084492,RNA545,Yes,83.7566
chr2,96032297,96032419,RNA546,Yes,52.2857
chr2,96547402,96547517,RNA547,Yes,67.8299
chr2,96797012,96797155,RNA548,Yes,86.5686
chr2,96825058,96825201,RNA549,Yes,87.0363
chr2,97091462,97091712,RNA550,Yes,61.7769
chr2,98518964,98519025,RNA551,Yes,83.0113
chr2,102762587,102762686,RNA552,Yes,78.3158
chr2,108381762,108381887,RNA553,Yes,78.5977
chr2,112485917,112485995,RNA554,Yes,89.0401
chr2,112912963,112913094,RNA555,Yes,67.9812
chr2,120797291,120797468,RNA556,Yes,72.325
chr2,124221705,124221809,RNA557,Yes,0
chr2,128097429,128097564,RNA558,Yes,75.1955
chr2,130196149,130196371,RNA559,Yes,66.7519
chr2,144517278,144517419,RNA560,Yes,0.661
chr2,148690214,148690373,RNA561,Yes,82.159
chr2,151255533,151255743,RNA562,Yes,89.4107
chr2,151410414,151410527,RNA563,Yes,0.309524
chr2,158533180,158533316,RNA564,Yes,83.0301
chr2,165949595,165949724,RNA565,Yes,0
chr2,172061498,172061655,RNA566,Yes,89.1742
chr2,175181355,175181466,RNA567,Yes,0.588137
chr2,177215539,177215661,RNA568,Yes,66.9023
chr2,178804552,178804655,RNA569,Yes,81.3014
chr2,183128287,183128457,RNA570,Yes,91.7462
chr2,196058054,196058116,RNA571,Yes,69.6654
chr2,197498675,197498850,RNA572,Yes,8.61332
chr2,202220032,202220106,RNA573,Yes,0
chr2,202870530,202870656,RNA574,Yes,24.8218
chr2,202917877,202918043,RNA575,Yes,0
chr2,206063151,206063244,RNA576,Yes,91.0526
chr2,215996306,215996465,RNA577,Yes,88.2682
chr2,218269382,218269534,RNA578,Yes,14.7827
chr2,218672741,218672913,RNA579,Yes,50.3872
chr2,219217670,219217807,RNA580,Yes,43.8083
chr2,219230228,219230405,RNA581,Yes,0.734818
chr2,226838073,226838154,RNA582,Yes,0
chr2,227491547,227491640,RNA583,Yes,67.985
chr20,3854558,3854741,RNA584,Yes,72.2519
chr20,5604364,5604440,RNA585,Yes,73.8158
chr20,18593731,18593821,RNA586,Yes,83.2782
chr20,21132097,21132159,RNA587,Yes,0
chr20,24957287,24957459,RNA588,Yes,86.8355
chr20,32651733,32651981,RNA589,Yes,58.8008
chr20,33606956,33607099,RNA590,Yes,79.6341
chr20,34705358,34705474,RNA591,Yes,32.891
chr20,35617136,35617240,RNA592,Yes,8.35025
chr20,37184180,37184373,RNA593,Yes,86.7015
chr20,38750010,38750239,RNA594,Yes,81.2406
chr20,43673806,43673899,RNA595,Yes,90.6115
chr20,44771275,44771413,RNA596,Yes,77.9524
chr20,44972078,44972158,RNA597,Yes,0
chr20,45308143,45308251,RNA598,Yes,35.1588
chr20,46121820,46121898,RNA599,Yes,0
chr20,49656568,49656702,RNA600,Yes,77.9408
chr20,51729834,51729978,RNA601,Yes,86.8113
chr20,58223052,58223182,RNA602,Yes,76.641
chr20,59932062,59932154,RNA603,Yes,79.0188
chr20,62124617,62124780,RNA604,Yes,85.015
chr20,62193416,62193624,RNA605,Yes,82.6748
chr20,62362400,62362552,RNA606,Yes,67.5687
chr20,63295098,63295189,RNA607,Yes,53.3562
chr20,63534152,63534315,RNA608,Yes,59.2278
chr20,63619267,63619454,RNA609,Yes,85.1176
chr20,63869296,63869366,RNA610,Yes,88.4568
chr20,63967830,63967952,RNA611,Yes,89.3333
chr20,63977225,63977406,RNA612,Yes,78.9345
chr20,63983047,63983215,RNA613,Yes,86.159
chr21,13615123,13615237,RNA614,Yes,3.10902
chr21,28882985,28883071,RNA615,Yes,0
chr21,36058816,36058924,RNA616,Yes,85.1003
chr21,37069552,37069624,RNA617,Yes,78.2293
chr21,39390698,39390863,RNA618,Yes,84.6947
chr21,39444135,39444201,RNA619,Yes,89.8496
chr21,42349881,42350030,RNA620,Yes,83.114
chr21,42492758,42492863,RNA621,Yes,82.807
chr22,15695371,15695485,RNA622,Yes,0
chr22,17619461,17619526,RNA623,Yes,0
chr22,17655662,17655832,RNA624,Yes,88.5902
chr22,21945843,21946108,RNA625,Yes,84.2575
chr22,29754749,29754863,RNA626,Yes,90.0639
chr22,30741161,30741369,RNA627,Yes,87.4073
chr22,31124845,31124906,RNA628,Yes,83.3985
chr22,35617163,35617265,RNA629,Yes,78.3064
chr22,37144085,37144205,RNA630,Yes,69.0263
chr22,37676986,37677065,RNA631,Yes,1.58722
chr22,37697588,37697696,RNA632,Yes,0
chr22,38828287,38828512,RNA633,Yes,59.3985
chr22,39415006,39415142,RNA634,Yes,74.2199
chr22,39532395,39532523,RNA635,Yes,0.49457
chr22,40117055,40117128,RNA636,Yes,78.9624
chr22,40594674,40594735,RNA637,Yes,69.6617
chr22,42143410,42143581,RNA638,Yes,81.3232
chr22,42518005,42518147,RNA639,Yes,87.0313
chr22,42847514,42847632,RNA640,Yes,83.2256
chr22,43841802,43841932,RNA641,Yes,79.0575
chr22,43963286,43963396,RNA642,Yes,0
chr22,46720902,46721015,RNA643,Yes,91.8195
chr3,3108550,3108691,RNA644,Yes,79.0344
chr3,14129412,14129561,RNA645,Yes,89.5789
chr3,15212104,15212212,RNA646,Yes,0
chr3,30623199,30623273,RNA647,Yes,0
chr3,33425590,33425741,RNA648,Yes,76.9944
chr3,38497629,38497778,RNA649,Yes,90.7632
chr3,38946789,38946907,RNA650,Yes,83.2256
chr3,39109085,39109214,RNA651,Yes,0
chr3,42568865,42569073,RNA652,Yes,88.619
chr3,45391583,45391648,RNA653,Yes,72.3684
chr3,45636150,45636251,RNA654,Yes,0
chr3,45837927,45838051,RNA655,Yes,90.4267
chr3,46976637,46976843,RNA656,Yes,0.322473
chr3,48298427,48298523,RNA657,Yes,90.5777
chr3,49375434,49375591,RNA658,Yes,85.6748
chr3,49862294,49862402,RNA659,Yes,65.1416
chr3,52151016,52151100,RNA660,Yes,85.9361
chr3,52829119,52829279,RNA661,Yes,87.4104
chr3,53125909,53125994,RNA662,Yes,88.7801
chr3,56773709,56773816,RNA663,Yes,86.3304
chr3,63278677,63278742,RNA664,Yes,6.84211
chr3,73608598,73608684,RNA665,Yes,68.7383
chr3,79589824,79589961,RNA666,Yes,0
chr3,85802047,85802196,RNA667,Yes,11.3402
chr3,87240699,87240790,RNA668,Yes,88.1541
chr3,100339087,100339205,RNA669,Yes,84.8958
chr3,100555209,100555401,RNA670,Yes,81.25
chr3,101319584,101319832,RNA671,Yes,69.0025
chr3,112041920,112042050,RNA672,Yes,84.3957
chr3,112563385,112563533,RNA673,Yes,80.7105
chr3,113778741,113778835,RNA674,Yes,80.2669
chr3,120002046,120002239,RNA675,Yes,86.3477
chr3,120730696,120730787,RNA676,Yes,88.3985
chr3,124873446,124873531,RNA677,Yes,0
chr3,125972043,125972170,RNA678,Yes,12.3863
chr3,130091261,130091371,RNA679,Yes,80.1584
chr3,130894590,130894775,RNA680,Yes,0.619883
chr3,134488019,134488090,RNA681,Yes,87.0551
chr3,139637963,139638062,RNA682,Yes,78.9511
chr3,141368621,141368804,RNA683,Yes,39.2431
chr3,142432661,142432893,RNA684,Yes,86.9605
chr3,167734214,167734350,RNA685,Yes,0.296992
chr3,171018531,171018623,RNA686,Yes,0
chr3,177098466,177098541,RNA687,Yes,84.8271
chr3,184230747,184230917,RNA688,Yes,5.94194
chr3,192360428,192360538,RNA689,Yes,82.3477
chr3,196327390,196327591,RNA690,Yes,46.8553
chr4,1711874,1711990,RNA691,Yes,0.503759
chr4,1893730,1893909,RNA692,Yes,91.0476
chr4,3086939,3087022,RNA693,Yes,74.515
chr4,4387604,4387758,RNA694,Yes,5.11015
chr4,4471639,4471706,RNA695,Yes,0
chr4,6576578,6576724,RNA696,Yes,78.6518
chr4,8106494,8106637,RNA697,Yes,80.5727
chr4,9171532,9171738,RNA698,Yes,28.0226
chr4,13619943,13620067,RNA699,Yes,90.0627
chr4,26489233,26489484,RNA700,Yes,74.3334
chr4,26919504,26919634,RNA701,Yes,0
chr4,37829964,37830131,RNA702,Yes,90.1722
chr4,47806903,47807047,RNA703,Yes,80.5489
chr4,52060419,52060524,RNA704,Yes,65.1053
chr4,52750930,52751069,RNA705,Yes,11.7998
chr4,55509912,55510065,RNA706,Yes,0
chr4,67859557,67859678,RNA707,Yes,81.7848
chr4,69857500,69857653,RNA708,Yes,82.2895
chr4,73177380,73177533,RNA709,Yes,0
chr4,73836964,73837096,RNA710,Yes,13.9672
chr4,75515433,75515532,RNA711,Yes,59.7143
chr4,75940001,75940165,RNA712,Yes,1.7391
chr4,76035216,76035342,RNA713,Yes,52.8271
chr4,77158533,77158670,RNA714,Yes,4.7688
chr4,77871744,77871855,RNA715,Yes,84.6429
chr4,78826037,78826155,RNA716,Yes,89.4331
chr4,80200079,80200299,RNA717,Yes,57.1782
chr4,83045626,83045705,RNA718,Yes,82.4737
chr4,84932270,84932363,RNA719,Yes,73.4887
chr4,87504822,87504923,RNA720,Yes,0
chr4,88019458,88019571,RNA721,Yes,86.0677
chr4,89909276,89909395,RNA722,Yes,81.8083
chr4,98293405,98293515,RNA723,Yes,0
chr4,102726589,102726683,RNA724,Yes,0
chr4,103196759,103196850,RNA725,Yes,0
chr4,103658215,103658403,RNA726,Yes,60.6617
chr4,112644668,112644871,RNA727,Yes,74.8158
chr4,114663995,114664137,RNA728,Yes,0
chr4,122927634,122927758,RNA729,Yes,87.2594
chr4,137528732,137528820,RNA730,Yes,55.4812
chr4,144652605,144652797,RNA731,Yes,59.7895
chr4,151279796,151279958,RNA732,Yes,81.1019
chr4,165989381,165989491,RNA733,Yes,76.1635
chr4,169753676,169753835,RNA734,Yes,89.2594
chr4,174920687,174920792,RNA735,Yes,50.1992
chr4,177440273,177440426,RNA736,Yes,81.812
chr4,183193599,183193708,RNA737,Yes,81.8521
chr4,185019387,185019491,RNA738,Yes,5.1609
chr4,185376909,185377018,RNA739,Yes,84.8383
chr4,186194500,186194612,RNA740,Yes,93.1604
chr5,6377166,6377249,RNA741,Yes,68.188
chr5,14270825,14270899,RNA742,Yes,88.2444
chr5,14768975,14769191,RNA743,Yes,85.0883
chr5,31530798,31530924,RNA744,Yes,68.7914
chr5,36152771,36153042,RNA745,Yes,7.19298
chr5,37379489,37379554,RNA746,Yes,0.910244
chr5,41927013,41927248,RNA747,Yes,0
chr5,43509145,43509375,RNA748,Yes,87.213
chr5,64774691,64774787,RNA749,Yes,0
chr5,65561463,65561564,RNA750,Yes,83.9023
chr5,65635301,65635369,RNA751,Yes,85.609
chr5,75505982,75506116,RNA752,Yes,58.3308
chr5,78388837,78388914,RNA753,Yes,69.015
chr5,79613011,79613075,RNA754,Yes,0
chr5,79990594,79990663,RNA755,Yes,0
chr5,80202886,80203053,RNA756,Yes,90.1435
chr5,80501792,80501917,RNA757,Yes,75.7782
chr5,94628811,94628924,RNA758,Yes,82.6128
chr5,97124466,97124629,RNA759,Yes,60.9962
chr5,122795266,122795383,RNA760,Yes,0
chr5,137890481,137890582,RNA761,Yes,75.0263
chr5,142613959,142614161,RNA762,Yes,68.3338
chr5,146218985,146219103,RNA763,Yes,0
chr5,150086379,150086607,RNA764,Yes,65.0113
chr5,151786572,151786715,RNA765,Yes,82.2312
chr5,154034744,154034967,RNA766,Yes,77.0489
chr5,157817443,157817547,RNA767,Yes,71.4586
chr5,162093828,162093979,RNA768,Yes,57.1429
chr5,168371424,168371533,RNA769,Yes,85.7481
chr5,170385314,170385471,RNA770,Yes,74.0385
chr5,172770161,172770306,RNA771,Yes,5.81161
chr5,175967111,175967267,RNA772,Yes,19.9692
chr5,177089550,177089693,RNA773,Yes,73.0526
chr5,177304625,177304850,RNA774,Yes,29.0745
chr5,177592575,177592675,RNA775,Yes,0.546617
chr5,178623256,178623416,RNA776,Yes,86.8697
chr5,179024970,179025037,RNA777,Yes,0
chr5,180137876,180138058,RNA778,Yes,73.1686
chr5,180280440,180280608,RNA779,Yes,87.6156
chr5,180338493,180338600,RNA780,Yes,86.0244
chr6,2900444,2900621,RNA781,Yes,72.2773
chr6,3006468,3006559,RNA782,Yes,88.8634
chr6,3432094,3432338,RNA783,Yes,75.1534
chr6,4133549,4133701,RNA784,Yes,78.5094
chr6,17602590,17602710,RNA785,Yes,0
chr6,24716148,24716324,RNA786,Yes,84.094
chr6,25653382,25653452,RNA787,Yes,57.3271
chr6,30061515,30061669,RNA788,Yes,0.946001
chr6,30690047,30690243,RNA789,Yes,43.9311
chr6,30909034,30909173,RNA790,Yes,62.359
chr6,31728646,31728745,RNA791,Yes,65.4529
chr6,31896923,31896989,RNA792,Yes,2.52005
chr6,32852388,32852502,RNA793,Yes,57.2773
chr6,33272628,33272726,RNA794,Yes,9.40226
chr6,33289770,33289920,RNA795,Yes,0.801692
chr6,33297032,33297115,RNA796,Yes,61.9541
chr6,35486461,35486711,RNA797,Yes,47.4527
chr6,37008834,37009065,RNA798,Yes,78.8492
chr6,39720702,39720811,RNA799,Yes,64.5301
chr6,41071596,41071675,RNA800,Yes,0.526316
chr6,41079029,41079164,RNA801,Yes,87.8835
chr6,42188582,42188731,RNA802,Yes,82.015
chr6,42962212,42962339,RNA803,Yes,83.9721
chr6,44248630,44248776,RNA804,Yes,30.3346
chr6,44343096,44343234,RNA805,Yes,77.0451
chr6,47786515,47786634,RNA806,Yes,72.4117
chr6,52535783,52535846,RNA807,Yes,73.6992
chr6,54320579,54320642,RNA808,Yes,0
chr6,55577078,55577167,RNA809,Yes,49.6654
chr6,57210226,57210445,RNA810,Yes,85.6779
chr6,70732378,70732511,RNA811,Yes,77.9962
chr6,80127547,80127624,RNA812,Yes,0
chr6,87215903,87216057,RNA813,Yes,75.1692
chr6,87348812,87348906,RNA814,Yes,91.282
chr6,89299759,89299865,RNA815,Yes,85.1842
chr6,96966996,96967083,RNA816,Yes,67.7782
chr6,99342898,99343033,RNA817,Yes,83.7368
chr6,110959172,110959252,RNA818,Yes,0
chr6,125751801,125751879,RNA819,Yes,0
chr6,129049918,129050088,RNA820,Yes,78.9893
chr6,134943819,134943966,RNA821,Yes,87.1621
chr6,136282584,136282687,RNA822,Yes,55.0113
chr6,137161689,137161814,RNA823,Yes,0
chr6,158789288,158789371,RNA824,Yes,79.7519
chr6,159197431,159197625,RNA825,Yes,69.9267
chr6,160256614,160256717,RNA826,Yes,69.6053
chr6,160397979,160398082,RNA827,Yes,76.6128
chr6,167123119,167123223,RNA828,Yes,54.985
chr7,6705159,6705223,RNA829,Yes,91.9361
chr7,12393594,12393778,RNA830,Yes,74.5276
chr7,26177943,26178122,RNA831,Yes,79.015
chr7,30459901,30460041,RNA832,Yes,49.4934
chr7,30500536,30500681,RNA833,Yes,84.4135
chr7,30689191,30689284,RNA834,Yes,76.7218
chr7,31692406,31692523,RNA835,Yes,24.1917
chr7,42927383,42927459,RNA836,Yes,82.8584
chr7,44140961,44141074,RNA837,Yes,65.8656
chr7,47943396,47943511,RNA838,Yes,70.1053
chr7,48028817,48028944,RNA839,Yes,79.3333
chr7,48090188,48090364,RNA840,Yes,41.4392
chr7,50449556,50449723,RNA841,Yes,16.5639
chr7,54757495,54757594,RNA842,Yes,80.0395
chr7,64544306,64544432,RNA843,Yes,72.7519
chr7,72403251,72403442,RNA844,Yes,67.6172
chr7,76235028,76235299,RNA845,Yes,8.77907
chr7,77167658,77167824,RNA846,Yes,75.5244
chr7,92244902,92245171,RNA847,Yes,6.05764
chr7,95595023,95595164,RNA848,Yes,64.5827
chr7,98362357,98362432,RNA849,Yes,81.1404
chr7,99618525,99618651,RNA850,Yes,75.5
chr7,100114054,100114268,RNA851,Yes,85.4544
chr7,100308974,100309192,RNA852,Yes,18.0786
chr7,100875573,100875712,RNA853,Yes,0.439581
chr7,103075777,103075881,RNA854,Yes,1.39957
chr7,103917075,103917185,RNA855,Yes,73.2312
chr7,104204142,104204234,RNA856,Yes,72.7256
chr7,107580759,107580864,RNA857,Yes,6.30827
chr7,112286873,112287074,RNA858,Yes,88.4624
chr7,112455763,112455867,RNA859,Yes,88.0752
chr7,114426502,114426679,RNA860,Yes,70.0113
chr7,117426836,117426935,RNA861,Yes,79.3459
chr7,120951164,120951235,RNA862,Yes,0.388722
chr7,127589083,127589163,RNA863,Yes,2.02256
chr7,128794348,128794602,RNA864,Yes,79.7237
chr7,130381098,130381179,RNA865,Yes,81.8195
chr7,131375424,131375493,RNA866,Yes,0
chr7,135209576,135209755,RNA867,Yes,79.094
chr7,140382438,140382596,RNA868,Yes,0
chr7,149080591,149080717,RNA869,Yes,84.2406
chr7,150340436,150340629,RNA870,Yes,12.5969
chr7,157358547,157358637,RNA871,Yes,82.8013
chr7,158701822,158701938,RNA872,Yes,74.2845
chr8,6978460,6978646,RNA873,Yes,0
chr8,7470308,7470516,RNA874,Yes,1.69173
chr8,7574189,7574388,RNA875,Yes,13.0714
chr8,7848691,7848843,RNA876,Yes,6.5766
chr8,11802258,11802455,RNA877,Yes,0.485902
chr8,19948180,19948340,RNA878,Yes,78.4872
chr8,21966857,21967003,RNA879,Yes,53.7801
chr8,22927584,22927720,RNA880,Yes,67.9098
chr8,23111720,23111825,RNA881,Yes,59.6391
chr8,23154874,23154979,RNA882,Yes,86.843
chr8,23288506,23288633,RNA883,Yes,1.13628
chr8,26293666,26293740,RNA884,Yes,0
chr8,26391243,26391426,RNA885,Yes,70.9962
chr8,27298464,27298559,RNA886,Yes,92.3816
chr8,28097219,28097318,RNA887,Yes,81.2613
chr8,39917875,39917970,RNA888,Yes,71.8722
chr8,40825575,40825680,RNA889,Yes,79.482
chr8,43146948,43147063,RNA890,Yes,83.4561
chr8,47961516,47961680,RNA891,Yes,4.1203
chr8,48731348,48731503,RNA892,Yes,77.188
chr8,53841578,53841725,RNA893,Yes,68.0576
chr8,56980035,56980197,RNA894,Yes,79.1504
chr8,66043488,66043611,RNA895,Yes,37.3008
chr8,67017619,67017831,RNA896,Yes,74.562
chr8,73297194,73297429,RNA897,Yes,83.3203
chr8,81444817,81444989,RNA898,Yes,71.8271
chr8,97661072,97661173,RNA899,Yes,85.8571
chr8,98254019,98254087,RNA900,Yes,0
chr8,108082545,108082807,RNA901,Yes,5.62252
chr8,109364547,109364636,RNA902,Yes,0
chr8,123774080,123774164,RNA903,Yes,89.6992
chr8,125003176,125003428,RNA904,Yes,78.8281
chr8,131940499,131940575,RNA905,Yes,86.438
chr8,133060100,133060200,RNA906,Yes,63.7039
chr8,142354637,142354763,RNA907,Yes,85.1566
chr8,142917059,142917214,RNA908,Yes,68.61
chr8,143608062,143608126,RNA909,Yes,0
chr8,143687994,143688067,RNA910,Yes,87.8484
chr8,143735850,143735938,RNA911,Yes,72.2519
chr8,143975177,143975375,RNA912,Yes,15.6138
chr8,144160970,144161089,RNA913,Yes,83.3797
chr8,144289095,144289304,RNA914,Yes,88.5574
chr8,144444180,144444275,RNA915,Yes,0.399749
chr8,144510360,144510507,RNA916,Yes,65.8421
chr8,144802870,144802947,RNA917,Yes,85.9586
chr9,4722506,4722625,RNA918,Yes,92.532
chr9,5656583,5656690,RNA919,Yes,0
chr9,6792972,6793132,RNA920,Yes,91.5648
chr9,16738360,16738485,RNA921,Yes,0
chr9,17143288,17143376,RNA922,Yes,66.6466
chr9,19423862,19423976,RNA923,Yes,85.5075
chr9,24545212,24545286,RNA924,Yes,0
chr9,34125023,34125277,RNA925,Yes,30.0505
chr9,34637220,34637420,RNA926,Yes,2.37436
chr9,35689146,35689271,RNA927,Yes,40.6034
chr9,35732996,35733143,RNA928,Yes,0.755639
chr9,35793898,35794103,RNA929,Yes,78.5157
chr9,37692638,37692742,RNA930,Yes,60.812
chr9,81687334,81687434,RNA931,Yes,3.30752
chr9,87973922,87974035,RNA932,Yes,43.6288
chr9,92112455,92112562,RNA933,Yes,89.7782
chr9,94587307,94587469,RNA934,Yes,83.9549
chr9,97916164,97916338,RNA935,Yes,84.6278
chr9,99915178,99915362,RNA936,Yes,85.7049
chr9,105705597,105705753,RNA937,Yes,0
chr9,107300141,107300222,RNA938,Yes,0
chr9,110251358,110251462,RNA939,Yes,64.015
chr9,113011141,113011227,RNA940,Yes,0
chr9,113276545,113276725,RNA941,Yes,78.4495
chr9,113336288,113336440,RNA942,Yes,0
chr9,113393447,113393634,RNA943,Yes,81.9023
chr9,114098115,114098190,RNA944,Yes,7.74436
chr9,114323663,114323805,RNA945,Yes,65.7905
chr9,119313138,119313405,RNA946,Yes,56.5702
chr9,121301963,121302167,RNA947,Yes,84.7147
chr9,122227409,122227480,RNA948,Yes,16.652
chr9,122261380,122261508,RNA949,Yes,84.1523
chr9,123184132,123184298,RNA950,Yes,78.218
chr9,125240676,125240907,RNA951,Yes,0.495457
chr9,125748550,125748623,RNA952,Yes,10.9436
chr9,127291168,127291242,RNA953,Yes,0
chr9,127397376,127397538,RNA954,Yes,0.743677
chr9,128323016,128323147,RNA955,Yes,0.427867
chr9,128459567,128459657,RNA956,Yes,92.0244
chr9,129040452,129040690,RNA957,Yes,86.4945
chr9,131096802,131096863,RNA958,Yes,3.26165
chr9,136943891,136944106,RNA959,Yes,0.828321
chr9,136945634,136945770,RNA960,Yes,77.2789
chr9,137078050,137078254,RNA961,Yes,8.63509
chr9,137114463,137114576,RNA962,Yes,4.72293
chr9,137206232,137206309,RNA963,Yes,27.3459
chrX,284167,284314,RNA964,Yes,80.4263
chrX,316914,317051,RNA965,Yes,85.9591
chrX,2925616,2925765,RNA966,Yes,78.8391
chrX,9032959,9033075,RNA967,Yes,77.8336
chrX,9873652,9873803,RNA968,Yes,78.1029
chrX,13655289,13655373,RNA969,Yes,0
chrX,13807650,13807769,RNA970,Yes,70.7068
chrX,14873689,14873758,RNA971,Yes,11.1955
chrX,18697845,18697931,RNA972,Yes,0
chrX,23910283,23910418,RNA973,Yes,56.9638
chrX,24494742,24494883,RNA974,Yes,33.515
chrX,30871699,30871801,RNA975,Yes,78.0113
chrX,43843670,43843764,RNA976,Yes,77.9398
chrX,47081130,47081307,RNA977,Yes,66.8158
chrX,47223552,47223759,RNA978,Yes,82.472
chrX,47629769,47629909,RNA979,Yes,48.9233
chrX,48007717,48007947,RNA980,Yes,0
chrX,48765835,48765972,RNA981,Yes,77.1115
chrX,48909814,48909996,RNA982,Yes,82.6236
chrX,53414981,53415169,RNA983,Yes,87.1113
chrX,67643256,67643407,RNA984,Yes,71.3383
chrX,70424976,70425089,RNA985,Yes,73.9427
chrX,71367499,71367613,RNA986,Yes,19.0977
chrX,74595809,74596000,RNA987,Yes,87.8058
chrX,78138843,78138924,RNA988,Yes,0
chrX,86027491,86027557,RNA989,Yes,85.5977
chrX,103685171,103685260,RNA990,Yes,0
chrX,107645177,107645350,RNA991,Yes,89.4373
chrX,108126077,108126187,RNA992,Yes,0
chrX,114613815,114613881,RNA993,Yes,75.8872
chrX,119147473,119147593,RNA994,Yes,0
chrX,120983745,120983900,RNA995,Yes,11.6967
chrX,149713143,149713255,RNA996,Yes,65.6992
chrX,151717272,151717399,RNA997,Yes,59.8402
chrX,152136871,152136969,RNA998,Yes,70.9173
chrX,153723153,153723288,RNA999,Yes,21.3947
chrX,153765471,153765580,RNA1000,Yes,61.7857
